Index,Description,Price,Rating,Review Count,Product URL,Image URL
C1,"Ikea Brimnes Particle Board ABS Plastic Wardrobe with 3 Doors, 117x190 cm, White","28,150",5.0 out of 5 stars,3,https://www.amazon.in//gp/slredirect/picassoRedirect.html/ref=pa_sp_atf_next_aps_sr_pg2_1?ie=UTF8&adId=A09929711SDCKIUF4JHN&url=%2FIkea-Brimnes-Wardrobe-Doors-117x190%2Fdp%2FB07RZBJPR4%2Fref%3Dsr_1_49_sspa%3Fkeywords%3Dwardrobe%26qid%3D1654403840%26sr%3D8-49-spons%26psc%3D1%26smid%3DA3OFR7V7XBOGJU&qualifier=1654403840&id=442703997766940&widgetName=sp_atf_next,https://m.media-amazon.com/images/I/51d6UlV4ynL._AC_UL960_FMwebp_QL65_.jpg
C2,"@home by Nilkamal Avery 2 Door Engineered Wood Wardrobe With Mirrors, 1 Hanging space, Drawers & Shelves (Wenge)","22,873",3.2 out of 5 stars,14,https://www.amazon.in//gp/slredirect/picassoRedirect.html/ref=pa_sp_atf_next_aps_sr_pg2_1?ie=UTF8&adId=A05116461RYH45PLQCFIY&url=%2Fhome-Nilkamal-Avery-Wardrobe-Mirror%2Fdp%2FB07RZ6FD61%2Fref%3Dsr_1_50_sspa%3Fkeywords%3Dwardrobe%26qid%3D1654403840%26sr%3D8-50-spons%26psc%3D1&qualifier=1654403840&id=442703997766940&widgetName=sp_atf_next,https://m.media-amazon.com/images/I/71bXspyztLL._AC_UL960_FMwebp_QL65_.jpg
C3,@home by Nilkamal Edward 3 Door Engineered Wood Wardrobe with 1 Hanging Space Drawers & Shelves (Walnut),"15,748",3.2 out of 5 stars,145,https://www.amazon.in//gp/slredirect/picassoRedirect.html/ref=pa_sp_atf_next_aps_sr_pg2_1?ie=UTF8&adId=A051124637ZVE1NKISTN0&url=%2Fhome-Nilkamal-Edward-Wardrobe-Melamine%2Fdp%2FB07DZ2W5TH%2Fref%3Dsr_1_51_sspa%3Fkeywords%3Dwardrobe%26qid%3D1654403840%26sr%3D8-51-spons%26psc%3D1&qualifier=1654403840&id=442703997766940&widgetName=sp_atf_next,https://m.media-amazon.com/images/I/71YJfbjxJxL._AC_UL960_FMwebp_QL65_.jpg
C4,"Amazon Brand - Solimo Medusa Engineered Wood Wardrobe walnut finish ,3 Doors","12,299",3.5 out of 5 stars,273,https://www.amazon.in//gp/slredirect/picassoRedirect.html/ref=pa_sp_atf_next_aps_sr_pg2_1?ie=UTF8&adId=A06693922AUDRWF17IL29&url=%2FAmazon-Brand-Solimo-Engineered-Wardrobe%2Fdp%2FB08698TT28%2Fref%3Dsr_1_52_sspa%3Fkeywords%3Dwardrobe%26qid%3D1654403840%26smid%3DAXOGFIT0PZZ7G%26sr%3D8-52-spons%26psc%3D1&qualifier=1654403840&id=442703997766940&widgetName=sp_atf_next,https://m.media-amazon.com/images/I/813bIeFxnQL._AC_UL960_FMwebp_QL65_.jpg
C5,Caspian Furniture White 2 Door Wardrobe with 1 Drawer and 5 Shelves | Wardrobe for Bedroom | Wardrobe for Clothes | 2 Door Cupboard | Almirah | 2 Door Engineered Wooden Almirah | Home Kitchen Storage,"9,200",2.7 out of 5 stars,7,https://www.amazon.in//Caspian-Furniture-Wardrobe-Cupboard-Engineered/dp/B091GWPMC8/ref=sr_1_53?keywords=wardrobe&qid=1654403840&sr=8-53,https://m.media-amazon.com/images/I/61Ta9x++mbL._AC_UL960_FMwebp_QL65_.jpg
C6,"SAVERSCHOICE Engineered Wood Wardrobe with Mirror Brown ,3 Doors","13,500",3.9 out of 5 stars,20,https://www.amazon.in//Savers-Choice-Door-Wardrobe-Mirror/dp/B0791CVX37/ref=sr_1_54?keywords=wardrobe&qid=1654403840&sr=8-54,https://m.media-amazon.com/images/I/41SfwU7YILL._AC_UL960_FMwebp_QL65_.jpg
C7,SAVERSCHOICE Brick Textured Engineered Wood Single Door Wardrobe with Mirror (Brown),"6,500",3.7 out of 5 stars,27,https://www.amazon.in//Savers-Choice-Textured-Single-Wardrobe/dp/B079GSWHFR/ref=sr_1_55?keywords=wardrobe&qid=1654403840&sr=8-55,https://m.media-amazon.com/images/I/61g8zCSRsDL._AC_UL960_FMwebp_QL65_.jpg
C8,Double Door Wardrobe with Mirror and Drawers in Beige Color,"10,500",4.1 out of 5 stars,2,https://www.amazon.in//Double-Wardrobe-Mirror-Drawers-Beige/dp/B06XVH47DQ/ref=sr_1_56?keywords=wardrobe&qid=1654403840&sr=8-56,https://m.media-amazon.com/images/I/81Qryj-F2hL._AC_UL960_FMwebp_QL65_.jpg
C9,Pepperfry Wardrobe | Mintwud | Ren | Color: Wenge Finish | Doors: 6 | Bedroom Furniture | Wooden Wardrobe |,"26,377",3.7 out of 5 stars,8,https://www.amazon.in//Mintwud-Pepperfry-Subaru-Bedside-Bronze/dp/B08YKC7B7C/ref=sr_1_57?keywords=wardrobe&qid=1654403840&sr=8-57,https://m.media-amazon.com/images/I/71Thwcb6iUL._AC_UL960_FMwebp_QL65_.jpg
C10,Caspian Furniture Engineered Wood Walnut Sliding Door Wardrobe for Bedroom with Full Mirror | Wardrobe with Led Lights and Sliding | Designer Sliding Cupboard,"28,000",,N/A,https://www.amazon.in//Furniture-Engineered-Wardrobe-Designer-Cupboard/dp/B0B2LV31C3/ref=sr_1_58?keywords=wardrobe&qid=1654403840&sr=8-58,https://m.media-amazon.com/images/I/41dLHZCdILL._AC_UL960_FMwebp_QL65_.jpg
C11,2 Door Wardrobe Walnut Finish,"8,900",4.0 out of 5 stars,1,https://www.amazon.in//2-Door-Wardrobe-Walnut-Finish/dp/B07PP1Y2GZ/ref=sr_1_59?keywords=wardrobe&qid=1654403840&sr=8-59,https://m.media-amazon.com/images/I/312BBe9PnsL._AC_UL960_FMwebp_QL65_.jpg
C12,ILLFORDD FURNITURE Single Door Wardrobe (White),"7,000",5.0 out of 5 stars,3,https://www.amazon.in//ILLFORDD-FURNITURE-Single-Door-Wardrobe/dp/B09GPXV24Q/ref=sr_1_60?keywords=wardrobe&qid=1654403840&sr=8-60,https://m.media-amazon.com/images/I/31RniLCDV9L._AC_UL960_FMwebp_QL65_.jpg
C13,"hudson mark Engineered Wood Wardrobe With Mirror Dark walnut / brown , 1 Door","7,000",3.5 out of 5 stars,10,https://www.amazon.in//Hudson-Single-Wardrobe-Mirror-Drawer/dp/B01MY2ERNY/ref=sr_1_61?keywords=wardrobe&qid=1654403840&sr=8-61,https://m.media-amazon.com/images/I/41KXL36s1QL._AC_UL960_FMwebp_QL65_.jpg
C14,"Generic Hudson Mark Multipurpose Storage Wooden Almirah Cabinet Wardrobe With Mirror, Drawers & Double Doors","10,000",4.2 out of 5 stars,47,https://www.amazon.in//Generic-Multipurpose-Storage-Almirah-Wardrobe/dp/B0727P9N7W/ref=sr_1_62?keywords=wardrobe&qid=1654403840&sr=8-62,https://m.media-amazon.com/images/I/71Ysp3HTLcL._AC_UL960_FMwebp_QL65_.jpg
C15,Hekami interiors 4 Door Wardrobe (White + Natural Walnut),"27,999",3.5 out of 5 stars,51,https://www.amazon.in//Hekami-interiors-Wardrobe-Natural-Walnut/dp/B081W7BG7W/ref=sr_1_63?keywords=wardrobe&qid=1654403840&sr=8-63,https://m.media-amazon.com/images/I/51uQMsR-JrL._AC_UL960_FMwebp_QL65_.jpg
C16,Homiez Decor 2 Door Wardrobe in Wenge Finish,"8,499",4.0 out of 5 stars,1,https://www.amazon.in//Homiez-Decor-Engineered-Wardrobe-Finish/dp/B07PYZQHHM/ref=sr_1_64?keywords=wardrobe&qid=1654403840&sr=8-64,https://m.media-amazon.com/images/I/51uisxoy-kL._AC_UL960_FMwebp_QL65_.jpg
C17,"Caspian Furniture Walnut 2 Door Wardrobe with Mirror, 2 Shelves, Drawer and Hanging Space for Clothes |Wardrobe for Bedroom | Wardrobe for Clothes |Cupboard | Almirah | Wooden Wardrobe | Home Storage","8,800",5.0 out of 5 stars,1,https://www.amazon.in//Caspian-Furniture-Wardrobe-Shelves-Cupboard/dp/B091GTFQDH/ref=sr_1_65?keywords=wardrobe&qid=1654403840&sr=8-65,https://m.media-amazon.com/images/I/51mriT5-LXL._AC_UL960_FMwebp_QL65_.jpg
C18,Amazon Brand - Solimo Alpha Engineered Wood 4-Door Wardrobe (Espresso Finish),"20,099",3.7 out of 5 stars,503,https://www.amazon.in//Amazon-Brand-Engineered-Wardrobe-Espresso/dp/B07T88Q2W3/ref=sr_1_66?keywords=wardrobe&qid=1654403840&smid=AXOGFIT0PZZ7G&sr=8-66,https://m.media-amazon.com/images/I/71fNj+Qw5EL._AC_UL960_FMwebp_QL65_.jpg
C19,"Caspian Furniture Light Brown 3 Door Wardrobe with Drawers, Shelves and Hanging Space for Clothes | Wardrobe for Clothes | 3 Door Cupboard | Almirah |3 Door Engineered Wooden Cupboard | Home Storage","13,999",3.5 out of 5 stars,7,https://www.amazon.in//Caspian-Furniture-Wardrobe-Cupboard-Engineered/dp/B08Y8Z3VDD/ref=sr_1_67?keywords=wardrobe&qid=1654403840&sr=8-67,https://m.media-amazon.com/images/I/71EaPxcz+gL._AC_UL960_FMwebp_QL65_.jpg
C20,Hexagon Furnitures 2 Door Wardrobe (Colour-Wooden Texture) with Led Light Multi Colour Keychain of Hexagon Brand.,"8,800",3.8 out of 5 stars,7,https://www.amazon.in//Hexagon-Furnitures-Wardrobe-Colour-Wooden-Texture/dp/B083ZZTGWL/ref=sr_1_68?keywords=wardrobe&qid=1654403840&sr=8-68,https://m.media-amazon.com/images/I/71HRhVM48OL._AC_UL960_FMwebp_QL65_.jpg
C21,"Nilkamal Teana 3 Door Mirror Wardrobe, Classic Walnut, 47.24 * 22.24 * 71.85","23,826",N/A,N/A,https://www.amazon.in//gp/slredirect/picassoRedirect.html/ref=pa_sp_mtf_aps_sr_pg2_1?ie=UTF8&adId=A090574827IBUOGHSOMCN&url=%2FNilkamal-Mirror-Wardrobe-Classic-Walnut%2Fdp%2FB09292NMM9%2Fref%3Dsr_1_69_sspa%3Fkeywords%3Dwardrobe%26qid%3D1654403840%26sr%3D8-69-spons%26psc%3D1&qualifier=1654403840&id=442703997766940&widgetName=sp_mtf,https://m.media-amazon.com/images/I/91PcKo9DqFL._AC_UL960_FMwebp_QL65_.jpg
C22,Trinayan Handicrafts Solid Sheesham Wood Cupboard || Wardrobe in Premium Teak Finish (Design 3),"30,000",4.5 out of 5 stars,2,https://www.amazon.in//gp/slredirect/picassoRedirect.html/ref=pa_sp_mtf_aps_sr_pg2_1?ie=UTF8&adId=A0204808JOPCSM9TW2O2&url=%2FTrinayan-Handicrafts-Sheesham-Cupboard-Wardrobe%2Fdp%2FB09HVBBC74%2Fref%3Dsr_1_70_sspa%3Fkeywords%3Dwardrobe%26qid%3D1654403840%26sr%3D8-70-spons%26psc%3D1&qualifier=1654403840&id=442703997766940&widgetName=sp_mtf,https://m.media-amazon.com/images/I/61LvljLwBeL._AC_UL960_FMwebp_QL65_.jpg
C23,"Amazon Brand - Solimo Medusa Engineered Wood Wardrobe With Drawer And Mirror wenge finish , 2 Doors","9,799",3.5 out of 5 stars,123,https://www.amazon.in//gp/slredirect/picassoRedirect.html/ref=pa_sp_mtf_aps_sr_pg2_1?ie=UTF8&adId=A06450883PA3FRGAJGDJY&url=%2FAmazon-Brand-Solimo-Engineered-Wardrobe%2Fdp%2FB08698T6BV%2Fref%3Dsr_1_71_sspa%3Fkeywords%3Dwardrobe%26qid%3D1654403840%26smid%3DAXOGFIT0PZZ7G%26sr%3D8-71-spons%26psc%3D1&qualifier=1654403840&id=442703997766940&widgetName=sp_mtf,https://m.media-amazon.com/images/I/81otQ8hIbHL._AC_UL960_FMwebp_QL65_.jpg
C24,"Amazon Brand - Solimo Medusa Engineered Wood Wardrobe with Drawer and Mirror walnut finish ,2 Doors","9,659",3.1 out of 5 stars,40,https://www.amazon.in//gp/slredirect/picassoRedirect.html/ref=pa_sp_mtf_aps_sr_pg2_1?ie=UTF8&adId=A06462243J64LYRO3WI1Z&url=%2FAmazon-Brand-Solimo-Engineered-Wardrobe%2Fdp%2FB0869BTBS2%2Fref%3Dsr_1_72_sspa%3Fkeywords%3Dwardrobe%26qid%3D1654403840%26smid%3DAXOGFIT0PZZ7G%26sr%3D8-72-spons%26psc%3D1&qualifier=1654403840&id=442703997766940&widgetName=sp_mtf,https://m.media-amazon.com/images/I/816H02zLjqL._AC_UL960_FMwebp_QL65_.jpg
C25,Hexagon Furnitures Engineered Wood 4 Door Wardrobe Without Mirror (White Brown) and with LED Light Multi Colour Keychain of Hexagon Brand.(D),"18,999",4.1 out of 5 stars,6,https://www.amazon.in//Hexagon-Furnitures-Engineered-Wardrobe-Keychain/dp/B091J4GPP8/ref=sr_1_73?keywords=wardrobe&qid=1654403840&sr=8-73,https://m.media-amazon.com/images/I/315oWJozMxS._AC_UL960_FMwebp_QL65_.jpg
C26,Hexagon Furnitures Single Door Wardrobe with 1 Drawer and 4 Shelves (Brown) and with LED Light Multi Colour Keychain of Hexagon Brand.,"7,000",,N/A,https://www.amazon.in//Hexagon-Furnitures-Door-Wardrobe-Keychain/dp/B09SP8QSNP/ref=sr_1_74?keywords=wardrobe&qid=1654403840&sr=8-74,https://m.media-amazon.com/images/I/61fa-AzaiwL._AC_UL960_FMwebp_QL65_.jpg
C27,HomeTown Prime Engineered Wood Two Door Wardrobe in White Colour,"9,999",N/A,N/A,https://www.amazon.in//HomeTown-Prime-Engineered-Wardrobe-Colour/dp/B09XF1455F/ref=sr_1_75?keywords=wardrobe&qid=1654403840&sr=8-75,https://m.media-amazon.com/images/I/71FcE3JJy5L._AC_UL960_FMwebp_QL65_.jpg
C28,Caspian Furniture Walnut 2 Door Wardrobe with Mirror 2 Shelves and Hanging Space for Clothes |2 Door Wardrobe for Bedroom | Wardrobe for Clothes | Cupboard | Almirah | Engineered Wooden Wardrobe,"8,500",3.4 out of 5 stars,7,https://www.amazon.in//Caspian-Furniture-Wardrobe-Cupboard-Engineered/dp/B08XYZHHZR/ref=sr_1_76?keywords=wardrobe&qid=1654403840&sr=8-76,https://m.media-amazon.com/images/I/61-JpowHPtL._AC_UL960_FMwebp_QL65_.jpg
C29,Caspian Furniture Wooden Furnish Delux 2 Door Wardrobe with Mirror,"9,000",4.7 out of 5 stars,4,https://www.amazon.in//Caspian-Furniture-Wooden-Furnish-Wardrobe/dp/B079TBS341/ref=sr_1_77?keywords=wardrobe&qid=1654403840&sr=8-77,https://m.media-amazon.com/images/I/31A1BtemwTL._AC_UL960_FMwebp_QL65_.jpg
C30,"CASPIAN Engineered Wood Multipurpose 2 Door Wardrobe with Mirror | Wardrobe with 3 Drawers and Lock, 4 Shelves and Hanging Space for Clothes (Coffee Brown)","9,000",,Only 2 left in stock.,https://www.amazon.in//CASPIAN-Engineered-Multipurpose-Wardrobe-Drawers/dp/B09MQTT8XR/ref=sr_1_78?keywords=wardrobe&qid=1654403840&sr=8-78,https://m.media-amazon.com/images/I/517AFSOjwYL._AC_UL960_FMwebp_QL65_.jpg
C31,Trevi Regal Deluxe 3 Door Wardrobe Without Mirror Without Drawer,"14,000",4.0 out of 5 stars,1,https://www.amazon.in//Trevi-Deluxe-Wardrobe-Without-Mirror/dp/B08CV7WVP8/ref=sr_1_79?keywords=wardrobe&qid=1654403840&sr=8-79,https://m.media-amazon.com/images/I/71EGmF0jbcL._AC_UL960_FMwebp_QL65_.jpg
C32,HRM 2 Door 6 Shelf PP Collapsible Wardrobe (Finish Color Maroon),"1,749",N/A,Only 1 left in stock.,https://www.amazon.in//HRM-Collapsible-Wardrobe-Finish-Maroon/dp/B092VYBZPX/ref=sr_1_80?keywords=wardrobe&qid=1654403840&sr=8-80,https://m.media-amazon.com/images/I/81md+mhNSuS._AC_UL960_FMwebp_QL65_.jpg
C33,"ABBAJI INTERIORS Engineered Wood Two-Door Wardrobe with Mirror and 2 Drawers,4 Shelves (White Texture)- Length 30 inch","11,900",N/A,N/A,https://www.amazon.in//ABBAJI-INTERIORS-Engineered-Two-Door-Wardrobe/dp/B09PTDR54Z/ref=sr_1_81?keywords=wardrobe&qid=1654403840&sr=8-81,https://m.media-amazon.com/images/I/31vfhNi+ODL._AC_UL960_FMwebp_QL65_.jpg
C34,"Amazon Brand - Solimo Medusa Engineered Wood Wardrobe With Mirror Walnut , 2 Doors","9,999",3.4 out of 5 stars,17,https://www.amazon.in//Amazon-Brand-Solimo-Engineered-Wardrobe/dp/B08BGM3TWT/ref=sr_1_82?keywords=wardrobe&qid=1654403840&smid=AXOGFIT0PZZ7G&sr=8-82,https://m.media-amazon.com/images/I/81DwmK9YouL._AC_UL960_FMwebp_QL65_.jpg
C35,Trevi Ozone Deluxe with Drawer Engineered Wood 2 Door Wardrobe (Finish Color - Milky Oak),"9,999",N/A,N/A,https://www.amazon.in//Trevi-Ozone-Deluxe-Engineered-Wardrobe/dp/B09D8RJ7N2/ref=sr_1_83?keywords=wardrobe&qid=1654403840&sr=8-83,https://m.media-amazon.com/images/I/71K8nYRNRNL._AC_UL960_FMwebp_QL65_.jpg
C36,CASPIAN Furniture Light Brown Engineered Wood Single Door Wardrobe/Cupboard with 4 Shelves and 5 compartments | Home Storage Cupboard,"6,700",,N/A,https://www.amazon.in//Furniture-Engineered-Single-Door-compartments/dp/B09PZ3QG73/ref=sr_1_84?keywords=wardrobe&qid=1654403840&sr=8-84,https://m.media-amazon.com/images/I/61WUC2eaUNL._AC_UL960_FMwebp_QL65_.jpg
C37,iLLFORDD FURNITURE Two Door Premium Wardrobe with Mirror (Color-Light Brown),"9,000",5.0 out of 5 stars,1,https://www.amazon.in//iLLFORDD-FURNITURE-Door-Wardrobe-Color-Light/dp/B09KXKK98W/ref=sr_1_85?keywords=wardrobe&qid=1654403840&sr=8-85,https://m.media-amazon.com/images/I/41hRPqecw3L._AC_UL960_FMwebp_QL65_.jpg
C38,Trevi Regal Deluxe 2 Door Engineered Wood Wardrobe Without Mirror and Drawer (White),"8,500",4.3 out of 5 stars,4,https://www.amazon.in//Trevi-Deluxe-Wardrobe-Without-Mirror/dp/B08CV7MKCJ/ref=sr_1_86?keywords=wardrobe&qid=1654403840&sr=8-86,https://m.media-amazon.com/images/I/61zbf6MrV1L._AC_UL960_FMwebp_QL65_.jpg
C39,"Caspian Furniture 4 Door Wardrobe for Bedroom with Mirror, Drawers, Shelves and Hanging Space | 4 Door Wardrobe for Clothes Wooden Furniture | Engineered Wooden Cupboard | Home Storage (Dark Brown)","17,000",3.7 out of 5 stars,6,https://www.amazon.in//Caspian-Furniture-Wardrobe-Engineered-Cupboard/dp/B08YFDFH8V/ref=sr_1_87?keywords=wardrobe&qid=1654403840&sr=8-87,https://m.media-amazon.com/images/I/712VAs8rYDL._AC_UL960_FMwebp_QL65_.jpg
C40,"Generic Hudson's 1 Door Wardorbe / Single Door Cupboard / Single Door Almirah, Black","7,000",3.0 out of 5 stars,1,https://www.amazon.in//Generic-Hudsons-Wardorbe-Cupboard-Almirah/dp/B0775NCX3J/ref=sr_1_88?keywords=wardrobe&qid=1654403840&sr=8-88,https://m.media-amazon.com/images/I/4195pXkvJ0L._AC_UL960_FMwebp_QL65_.jpg
C41,"Nova Furnitures Wood 4 Door Wardrobe with Mirror (Cyrus ), Brown","17,999",4.7 out of 5 stars,8,https://www.amazon.in//Nova-Furnitures-Coloured-Wardrobe-Mirror/dp/B07KKGF6P6/ref=sr_1_89?keywords=wardrobe&qid=1654403840&sr=8-89,https://m.media-amazon.com/images/I/51u-ewRuprL._AC_UL960_FMwebp_QL65_.jpg
C42,"Hexagon Furnitures Crystal Engineered Wood Single Door Wardrobe, White","6,500",3.0 out of 5 stars,10,https://www.amazon.in//Hexagon-Furnitures-Crystal-Single-Wardrobe/dp/B083ZCMW79/ref=sr_1_90?keywords=wardrobe&qid=1654403840&sr=8-90,https://m.media-amazon.com/images/I/612a3NJfS3L._AC_UL960_FMwebp_QL65_.jpg
C43,Hexagon Furnitures Leaf Textured 4 Door Engineered Wood Wardrobe,"18,000",4.0 out of 5 stars,1,https://www.amazon.in//Hexagon-Furnitures-Leaf-Textured-Wardrobe/dp/B07BLV725B/ref=sr_1_91?keywords=wardrobe&qid=1654403840&sr=8-91,https://m.media-amazon.com/images/I/41WL2pa6ueL._AC_UL960_FMwebp_QL65_.jpg
C44,iLLFORDD FURNITURE Single Door Wardrobe Without Mirror (Color-Light Brown),"7,000",,N/A,https://www.amazon.in//iLLFORDD-FURNITURE-Wardrobe-Without-Color-Light/dp/B09LCWC2XP/ref=sr_1_92?keywords=wardrobe&qid=1654403840&sr=8-92,https://m.media-amazon.com/images/I/41JiXM-1nhL._AC_UL960_FMwebp_QL65_.jpg
C45,"Amazon Brand - Solimo Pyxis Engineered Wood Wardrobe Mahogany , 2 Doors","9,799",3.7 out of 5 stars,499,https://www.amazon.in//Solimo-Engineered-2-Door-Wardrobe-Walnut/dp/B07L1DX5FF/ref=sr_1_93?keywords=wardrobe&qid=1654403840&smid=AXOGFIT0PZZ7G&sr=8-93,https://m.media-amazon.com/images/I/81DqoAs9VbL._AC_UL960_FMwebp_QL65_.jpg
C46,Hexagon Furnitures Leaf Textured 2 Door Wardrobe,"9,999",N/A,N/A,https://www.amazon.in//Hexagon-Furnitures-Leaf-Textured-Wardrobe/dp/B07BLTJGHB/ref=sr_1_94?keywords=wardrobe&qid=1654403840&sr=8-94,https://m.media-amazon.com/images/I/31EA+uljoSL._AC_UL960_FMwebp_QL65_.jpg
C47,iLLFORDD FURNITURE Single Door Wardrobe Without Mirror (Color-Brown),"6,800",4.5 out of 5 stars,5,https://www.amazon.in//iLLFORDD-FURNITURE-Door-Wardrobe-Color-Brown/dp/B09KV2Y3QM/ref=sr_1_95?keywords=wardrobe&qid=1654403840&sr=8-95,https://m.media-amazon.com/images/I/515wWwNu7BL._AC_UL960_FMwebp_QL65_.jpg
C48,"Hudson's Bedroom Wooden Almirah Cabinet Wardrobe with Mirror, Drawers & Double Doors","10,000",4.1 out of 5 stars,41,https://www.amazon.in//Hudsons-Bedroom-Almirah-Cabinet-Wardrobe/dp/B07TQK8TFG/ref=sr_1_96?keywords=wardrobe&qid=1654403840&sr=8-96,https://m.media-amazon.com/images/I/71gV-xlsBvL._AC_UL960_FMwebp_QL65_.jpg
C49,Hudson Mark -Single Door Wardrobe - 75 x 18 x 17 inches - Designer Color,"6,700",N/A,More Buying Choices,https://www.amazon.in//Hudson-Mark-Single-Door-Wardrobe/dp/B09N212NFF/ref=sr_1_97?keywords=wardrobe&qid=1654403840&sr=8-97,https://m.media-amazon.com/images/I/61K5s-ZGpBL._AC_UL960_FMwebp_QL65_.jpg
C50,CASPIANÂ Fancy Furniture African Wood Texture 2 Door Wardrobe with Mirror,"8,999",5.0 out of 5 stars,2,https://www.amazon.in//CASPIAN-Fancy-Furniture-African-Texture-Wardrobe/dp/B08LBPHNV2/ref=sr_1_98?keywords=wardrobe&qid=1654403840&sr=8-98,https://m.media-amazon.com/images/I/71Lr47RV74L._AC_UL960_FMwebp_QL65_.jpg
C51,Hekami 2 Doors Modular Wardrobe (Walnut + White),"11,999",5.0 out of 5 stars,4,https://www.amazon.in//Hekami-Doors-Modular-Wardrobe-Walnut/dp/B09BQZVSM6/ref=sr_1_99?keywords=wardrobe&qid=1654403840&sr=8-99,https://m.media-amazon.com/images/I/417dsp9BFVL._AC_UL960_FMwebp_QL65_.jpg
C52,"Caspian Furniture Walnut Colour 3 Door Wardrobe with Drawers, Shelves and Hanging Space for Clothes | Wardrobe for Clothes | 3 Door Cupboard | Almirah |3 Door Engineered Wood Cupboard | Home Storage","13,999",5.0 out of 5 stars,1,https://www.amazon.in//Caspian-Furniture-Wardrobe-Cupboard-Engineered/dp/B091GZ1VG2/ref=sr_1_100?keywords=wardrobe&qid=1654403840&sr=8-100,https://m.media-amazon.com/images/I/51bZxlolTeL._AC_UL960_FMwebp_QL65_.jpg
C53,Trevi Ozone Engineered Wood 3 Door Wardrobe with Drawer & with Mirror - Teak Finish,"14,500",5.0 out of 5 stars,1,https://www.amazon.in//Trevi-Ozone-Engineered-Wardrobe-Drawer/dp/B096V4969G/ref=sr_1_101?keywords=wardrobe&qid=1654403840&sr=8-101,https://m.media-amazon.com/images/I/81B4gemtN+L._AC_UL960_FMwebp_QL65_.jpg
C54,"Hexagon Furniture Textured Engineered Wood Wardrobe Black;Brown ,1 Door","7,000",4.5 out of 5 stars,13,https://www.amazon.in//Hexagon-Furnitures-Textured-Single-Wardorbe/dp/B07BLS5QNJ/ref=sr_1_102?keywords=wardrobe&qid=1654403840&sr=8-102,https://m.media-amazon.com/images/I/8152v+z6guL._AC_UL960_FMwebp_QL65_.jpg
C55,Bluewud Maltein Engineered Wood 3 Doors Wardrobe (Wenge),"15,049",4.2 out of 5 stars,10,https://www.amazon.in//Bluewud-Maltein-Plain-Wardrobe-Wenge/dp/B092SCNKFB/ref=sr_1_103?keywords=wardrobe&qid=1654403840&sr=8-103,https://m.media-amazon.com/images/I/61+3Xbk-hNL._AC_UL960_FMwebp_QL65_.jpg
C56,CASPIAN Furniture Super White Engineered Wood Single Door Wardrobe/Cupboard with 5 Shelves and 6 Spacious compartments | Multipurpose Cabinet for Office/Kitchen Purpose,"7,600",,More Buying Choices,https://www.amazon.in//Engineered-Single-Door-compartments-Multipurpose/dp/B09PZ2WPZN/ref=sr_1_104?keywords=wardrobe&qid=1654403840&sr=8-104,https://m.media-amazon.com/images/I/518fRHT5WkL._AC_UL960_FMwebp_QL65_.jpg
C57,Made Wood Teak Finish in Provincial Wardrobe,"16,999",N/A,N/A,https://www.amazon.in//gp/slredirect/picassoRedirect.html/ref=pa_sp_btf_aps_sr_pg2_1?ie=UTF8&adId=A05180941RDCQYEKA5Z2A&url=%2FMadeway-Wood-Wardrobe-Provincial-Finish%2Fdp%2FB07CBN4R1B%2Fref%3Dsr_1_105_sspa%3Fkeywords%3Dwardrobe%26qid%3D1654403840%26sr%3D8-105-spons%26psc%3D1&qualifier=1654403840&id=442703997766940&widgetName=sp_btf,https://m.media-amazon.com/images/I/71jdREppifL._AC_UL960_FMwebp_QL65_.jpg
C58,Room Door Wardrobe07,/A,N/A,N/A,https://www.amazon.in//gp/slredirect/picassoRedirect.html/ref=pa_sp_btf_aps_sr_pg2_1?ie=UTF8&adId=A0928392CNDDRRNEO36D&url=%2FGeneric-W540-Room-Door-Wardrobe07%2Fdp%2FB0B2K12VN4%2Fref%3Dsr_1_106_sspa%3Fkeywords%3Dwardrobe%26qid%3D1654403840%26sr%3D8-106-spons%26psc%3D1&qualifier=1654403840&id=442703997766940&widgetName=sp_btf,https://m.media-amazon.com/images/I/3112BWwxAQL._AC_UL960_FMwebp_QL65_.jpg
C59,"ROOFWOOD Solid Sheesham Wood Diamond Cut 4 Door Almirah/Wardrobe/Cabinet with Storage of 4 Shelves and 2 Drawers, Pre-Assembled (Walnut Finish)","29,999",N/A,N/A,https://www.amazon.in//gp/slredirect/picassoRedirect.html/ref=pa_sp_btf_aps_sr_pg2_1?ie=UTF8&adId=A0461559F79KWV5JBQCG&url=%2Fdp%2FB0B36QH62R%2Fref%3Dsr_1_108_sspa%3Fkeywords%3Dwardrobe%26qid%3D1654403840%26sr%3D8-108-spons%26psc%3D1&qualifier=1654403840&id=442703997766940&widgetName=sp_btf,https://m.media-amazon.com/images/I/91hZkeGTnQL._AC_UL960_FMwebp_QL65_.jpg
C60,Trinayan Handicrafts Solid Sheesham Wood Cupboard || Wardrobe in Premium Teak Finish (Design 1),"14,000",4.5 out of 5 stars,2,https://www.amazon.in//gp/slredirect/picassoRedirect.html/ref=pa_sp_atf_next_aps_sr_pg3_1?ie=UTF8&adId=A09224603BVPCI12VF0HL&url=%2FTrinayan-Handicrafts-Sheesham-Cupboard-Wardrobe%2Fdp%2FB09HVCG25K%2Fref%3Dsr_1_97_sspa%3Fkeywords%3Dwardrobe%26qid%3D1654403867%26sr%3D8-97-spons%26psc%3D1&qualifier=1654403867&id=6672852255843659&widgetName=sp_atf_next,https://m.media-amazon.com/images/I/71GUy+oDP7L._AC_UL960_FMwebp_QL65_.jpg
C61,"PIPERCRAFTS Solid Carved Wood 1 Door Multipurpose Storage Organiser Wardrobe, Book Shelf, Storage Cabinet, Drawer Cloth Wardrobe in Provincial Teak Finish","24,899",4.0 out of 5 stars,1,https://www.amazon.in//gp/slredirect/picassoRedirect.html/ref=pa_sp_atf_next_aps_sr_pg3_1?ie=UTF8&adId=A08152741BU97GX7BITHH&url=%2FPIPERCRAFTS-Multipurpose-Organiser-Wardrobe-Provincial%2Fdp%2FB08CGGTD7P%2Fref%3Dsr_1_98_sspa%3Fkeywords%3Dwardrobe%26qid%3D1654403867%26sr%3D8-98-spons%26psc%3D1&qualifier=1654403867&id=6672852255843659&widgetName=sp_atf_next,https://m.media-amazon.com/images/I/51ZC5WmBOwL._AC_UL960_FMwebp_QL65_.jpg
C62,"PIPERCRAFTS Solid Carved Wood 2 Door Multipurpose Storage Organizer Wardrobe, Book Shelf, Storage Cabinet, Drawer Cloth Wardrobe in Provincial Teak Finish","29,495",5.0 out of 5 stars,3,https://www.amazon.in//gp/slredirect/picassoRedirect.html/ref=pa_sp_atf_next_aps_sr_pg3_1?ie=UTF8&adId=A08173022NOQX3MGK3C74&url=%2FPIPERCRAFTS-Multipurpose-Organizer-Wardrobe-Provincial%2Fdp%2FB08CGGTD7N%2Fref%3Dsr_1_99_sspa%3Fkeywords%3Dwardrobe%26qid%3D1654403867%26sr%3D8-99-spons%26psc%3D1&qualifier=1654403867&id=6672852255843659&widgetName=sp_atf_next,https://m.media-amazon.com/images/I/41KDK+3dsDL._AC_UL960_FMwebp_QL65_.jpg
C63,Trevi Ozone Engineered Wood 3 Door Wardrobe with Drawer & Without Mirror - Teak Finish,"14,999",N/A,N/A,https://www.amazon.in//Trevi-Ozone-Engineered-Wardrobe-Without/dp/B096V2QN4G/ref=sr_1_100?keywords=wardrobe&qid=1654403867&sr=8-100,https://m.media-amazon.com/images/I/81x9ZgASxwS._AC_UL960_FMwebp_QL65_.jpg
C64,Hudson's Two Door Wardrobe with Drawer in Beige Color,"9,200",5.0 out of 5 stars,1,https://www.amazon.in//Hudsons-Wardrobe-Drawer-Beige-Color/dp/B06XV6YFLT/ref=sr_1_101?keywords=wardrobe&qid=1654403867&sr=8-101,https://m.media-amazon.com/images/I/81dEemGbnaL._AC_UL960_FMwebp_QL65_.jpg
C65,Hexagon Furnitures Engineered Wood 3 Door Wardrobe with 1 Mirror (White and Brown) and with LED Light Multi Colour Keychain of Hexagon Brand.(E-Series),"13,999",N/A,N/A,https://www.amazon.in//Hexagon-Furnitures-Engineered-Wardrobe-Keychain/dp/B08ZN79HRG/ref=sr_1_102?keywords=wardrobe&qid=1654403867&sr=8-102,https://m.media-amazon.com/images/I/51RA1yoBiaL._AC_UL960_FMwebp_QL65_.jpg
C66,Mintwud Pepperfry Wardrobe | Ren | Color: Wenge Finish | Doors: 4 | Bedroom Furniture | Wooden Wardrobe |,/A,N/A,N/A,https://www.amazon.in//Mintwud-Pepperfry-Subaru-Storage-Bedside/dp/B08YFCV24W/ref=sr_1_103?keywords=wardrobe&qid=1654403867&sr=8-103,https://m.media-amazon.com/images/I/719gUdNWSvL._AC_UL960_FMwebp_QL65_.jpg
C67,ILLFORDD FURNITURE Single Door Wardrobe Without Mirror (Color-White and Brown),"7,000",5.0 out of 5 stars,1,https://www.amazon.in//ILLFORDD-FURNITURE-Door-Wardrobe-Color-White/dp/B09KXQB3PQ/ref=sr_1_104?keywords=wardrobe&qid=1654403867&sr=8-104,https://m.media-amazon.com/images/I/41OTAujIt6L._AC_UL960_FMwebp_QL65_.jpg
C68,Homiez Decor Alpha Engineered Wood 1 Door Wardrobe for Your Bedroom (Black),"7,000",1.6 out of 5 stars,3,https://www.amazon.in//Homiez-Decor-Single-Wardrobe-Bedroom/dp/B0852QX94L/ref=sr_1_105?keywords=wardrobe&qid=1654403867&sr=8-105,https://m.media-amazon.com/images/I/61h2+m6MMYL._AC_UL960_FMwebp_QL65_.jpg
C69,"DeckUp Cove 2-Door Engineered Wood Wardrobe with Mirror (Walnut, Matte Finish)","7,499",4.1 out of 5 stars,318,https://www.amazon.in//DeckUp-Cove-2-Door-Wardrobe-Mirror/dp/B085W8JQZC/ref=sr_1_106?keywords=wardrobe&qid=1654403867&sr=8-106,https://m.media-amazon.com/images/I/71Bbpg5IFTL._AC_UL960_FMwebp_QL65_.jpg
C70,"Amazon Brand - Solimo Vega Engineered Wood Wardrobe with Drawer and Half Mirror Espresso ,2 Doors","9,999",3.3 out of 5 stars,86,https://www.amazon.in//Amazon-Brand-Engineered-Wardrobe-Espresso/dp/B07SWNVDVQ/ref=sr_1_107?keywords=wardrobe&qid=1654403867&smid=AXOGFIT0PZZ7G&sr=8-107,https://m.media-amazon.com/images/I/71MJt0q-fLL._AC_UL960_FMwebp_QL65_.jpg
C71,Caspian Furniture Brick Textured single door Wardrobe (Black),"6,700",5.0 out of 5 stars,3,https://www.amazon.in//Caspian-Furniture-Textured-single-Wardrobe/dp/B079SZKL9Q/ref=sr_1_108?keywords=wardrobe&qid=1654403867&sr=8-108,https://m.media-amazon.com/images/I/61U+8nwDYZL._AC_UL960_FMwebp_QL65_.jpg
C72,Trevi Ozone Engineered Wood 2 Door Wardrobe with Drawer & with Mirror - Teak Finish,"9,999",N/A,N/A,https://www.amazon.in//Trevi-Ozone-Engineered-Wardrobe-Drawer/dp/B096V5F4YL/ref=sr_1_109?keywords=wardrobe&qid=1654403867&sr=8-109,https://m.media-amazon.com/images/I/51mskv73zhS._AC_UL960_FMwebp_QL65_.jpg
C73,Trevi Ozone Engineered Wood 3 Door Wardrobe (Finish Color - Milky Oak),"14,999",N/A,N/A,https://www.amazon.in//Trevi-Ozone-Engineered-Wardrobe-Finish/dp/B09D8QHK7Q/ref=sr_1_110?keywords=wardrobe&qid=1654403867&sr=8-110,https://m.media-amazon.com/images/I/71zAV4pWYFL._AC_UL960_FMwebp_QL65_.jpg
C74,CASPIAN Furniture Engineered Wood Textured 2 Door Wardrobe with 5 Shelves and 1 Drawer | Wooden Wardrobe for Home | Home Furniture |2 Door Cupboard | Storage Rack for Kitchen and Living Room |,"8,800",5.0 out of 5 stars,1,https://www.amazon.in//CASPIAN-Portable-Furniture-JungleWood-Wardrobe/dp/B08LBPNHLY/ref=sr_1_111?keywords=wardrobe&qid=1654403867&sr=8-111,https://m.media-amazon.com/images/I/71XJSH29R9L._AC_UL960_FMwebp_QL65_.jpg
C75,Engineered Wood Almirah Wardrobe/Cupboard for Clothes/Study Book Shelf/Kitchen Showcase (Brown),"9,000",4.2 out of 5 stars,13,https://www.amazon.in//Almirah-Wardrobe-Cupboard-Clothes-Showcase/dp/B08JQG5NHG/ref=sr_1_112?keywords=wardrobe&qid=1654403867&sr=8-112,https://m.media-amazon.com/images/I/71MXz0EdSUL._AC_UL960_FMwebp_QL65_.jpg
C76,"Amazon Brand - Solimo Aretha 3-Door Steel Wardrobe (Light Cream Body & Ash Grey Door, Powder Coated Finish)","34,899",2.0 out of 5 stars,1,https://www.amazon.in//Amazon-Brand-Solimo-Aretha-Wardrobe/dp/B09FFKGBF9/ref=sr_1_113?keywords=wardrobe&qid=1654403867&sr=8-113,https://m.media-amazon.com/images/I/61uuannq8OL._AC_UL960_FMwebp_QL65_.jpg
C77,Trevi Ozone Engineered Wood 2 Door Wardrobe (Finish Color - Wenge),"9,999",N/A,N/A,https://www.amazon.in//Trevi-Ozone-Engineered-Wardrobe-Finish/dp/B09D8QH6FS/ref=sr_1_114?keywords=wardrobe&qid=1654403867&sr=8-114,https://m.media-amazon.com/images/I/71j7JUo19QL._AC_UL960_FMwebp_QL65_.jpg
C78,ABBAJI INTERIORS Engineered Wood Single-Door Wardrobe with 2 Shelves and 1 Drawer (Wood Texture)- Depth 19 inch,"6,900",N/A,N/A,https://www.amazon.in//ABBAJI-INTERIORS-Engineered-Single-Door-Wardrobe/dp/B09P6B2DRG/ref=sr_1_115?keywords=wardrobe&qid=1654403867&sr=8-115,https://m.media-amazon.com/images/I/51NKnoMbV7L._AC_UL960_FMwebp_QL65_.jpg
C79,"DeckUp Plank Uniti 2-Door Engineered Wood Wardrobe (Wotan Oak and White, Matte Finish)","8,999",4.0 out of 5 stars,298,https://www.amazon.in//DeckUp-2-Door-Engineered-Wardrobe-Finish/dp/B09PBDMY41/ref=sr_1_116?keywords=wardrobe&qid=1654403867&sr=8-116,https://m.media-amazon.com/images/I/71wEFle4aJL._AC_UL960_FMwebp_QL65_.jpg
C80,"CASPIAN Furniture Coffee Brown Engineered Wood Single Door Wardrobe/Cupboard 4 Compartments, Drawer and Hanging Space for Clothes |Multipurpose Cabinet for Office/Kitchen Purpose","6,700",5.0 out of 5 stars,1,https://www.amazon.in//Furniture-Engineered-Wardrobe-Compartments-Multipurpose/dp/B09PZ2RHDX/ref=sr_1_117?keywords=wardrobe&qid=1654403867&sr=8-117,https://m.media-amazon.com/images/I/51GpvPW4OzL._AC_UL960_FMwebp_QL65_.jpg
C81,"Joy's Furnitures Engineered Wood Wardrobe Maroon ,1 Door","7,000",4.5 out of 5 stars,5,https://www.amazon.in//Joys-Furnitures-Single-Door-Wardrobe/dp/B01IB640JQ/ref=sr_1_118?keywords=wardrobe&qid=1654403867&sr=8-118,https://m.media-amazon.com/images/I/81aBw0Ur9HL._AC_UL960_FMwebp_QL65_.jpg
C82,Saverschoice Junglewood Textured 4 Door Wardrobe,"17,500",4.4 out of 5 stars,21,https://www.amazon.in//Savers-Choice-Junglewood-Textured-Wardrobe/dp/B0791GCN2P/ref=sr_1_119?keywords=wardrobe&qid=1654403867&sr=8-119,https://m.media-amazon.com/images/I/410X77HloCL._AC_UL960_FMwebp_QL65_.jpg
C83,"Spacewood Optima Engineered Wood Wardrobe Walnut Rigato,2 Doors","8,999",3.5 out of 5 stars,236,https://www.amazon.in//Spacewood-Optima-2-Door-Wardrobe-Walnut/dp/B015INIQPE/ref=sr_1_120?keywords=wardrobe&qid=1654403867&sr=8-120,https://m.media-amazon.com/images/I/71dAgg1JWnL._AC_UL960_FMwebp_QL65_.jpg
C84,Bluewud Andrie Engineered Wood 4 Doors Wardrobe with Drawer (Wenge),"22,599",4.1 out of 5 stars,9,https://www.amazon.in//Bluewud-Andrie-Double-Wardrobe-Wenge/dp/B092SCHZ8Q/ref=sr_1_121?keywords=wardrobe&qid=1654403867&sr=8-121,https://m.media-amazon.com/images/I/916YNhIOM6S._AC_UL960_FMwebp_QL65_.jpg
C85,"Nilkamal Freedom Mini Medium Plastic Cabinet Multicolor , 2 Doors","5,389",4.0 out of 5 stars,59,https://www.amazon.in//Nilkamal-FMM-Blue-Grey/dp/B01MS2VV6M/ref=sr_1_122?keywords=wardrobe&qid=1654403867&sr=8-122,https://m.media-amazon.com/images/I/713Hu--B9vL._AC_UL960_FMwebp_QL65_.jpg
C86,Hudson Mark Three Door Wardrobe/Three Door Almirah with Drawer,"13,500",N/A,N/A,https://www.amazon.in//Hudson-Three-Wardrobe-Almirah-Drawer/dp/B07YRWVQJ3/ref=sr_1_123?keywords=wardrobe&qid=1654403867&sr=8-123,https://m.media-amazon.com/images/I/61FNpn2LYmL._AC_UL960_FMwebp_QL65_.jpg
C87,Hexagon Furnitures Engineered Wood 3 Door Wardrobe Without Mirror (Brown) and with LED Light Multi Colour Keychain of Hexagon Brand.(G-Series),"13,999",N/A,More Buying Choices,https://www.amazon.in//Hexagon-Furnitures-Engineered-Wardrobe-Keychain/dp/B0922C7YMG/ref=sr_1_124?keywords=wardrobe&qid=1654403867&sr=8-124,https://m.media-amazon.com/images/I/51pY9sgHzHS._AC_UL960_FMwebp_QL65_.jpg
C88,Small Wooden Wardrobe,"5,500",,N/A,https://www.amazon.in//Generic-Small-Wooden-Wardrobe/dp/B07GWXRYBV/ref=sr_1_125?keywords=wardrobe&qid=1654403867&sr=8-125,https://m.media-amazon.com/images/I/413Gwo1Y1ZL._AC_UL960_FMwebp_QL65_.jpg
C89,Single Door Wardrobe in Wenge Matte Finish by Homiez Decor,"7,000",,More Buying Choices,https://www.amazon.in//Single-Wardrobe-Wenge-Finish-Homiez/dp/B07QXSZ8SR/ref=sr_1_126?keywords=wardrobe&qid=1654403867&sr=8-126,https://m.media-amazon.com/images/I/21CTovWeYTL._AC_UL960_FMwebp_QL65_.jpg
C90,ILLFORDD Furniture Engineered Wood Premium Two Door Wardrobe Without Mirror (White),"8,800",3.0 out of 5 stars,6,https://www.amazon.in//ILLFORDD-Furniture-Engineered-Door-Wardrobe/dp/B09FTLZ1YB/ref=sr_1_127?keywords=wardrobe&qid=1654403867&sr=8-127,https://m.media-amazon.com/images/I/51aMHYMPXIL._AC_UL960_FMwebp_QL65_.jpg
C91,"Homiez Decor Alpha 1 Door Engineered Wood Wardrobe with Mirror for Your Bedroom , Black","6,700",4.4 out of 5 stars,3,https://www.amazon.in//Homiez-Decor-Single-Wardrobe-Bedroom/dp/B0852R2GTQ/ref=sr_1_128?keywords=wardrobe&qid=1654403867&sr=8-128,https://m.media-amazon.com/images/I/61oNXFPeWcL._AC_UL960_FMwebp_QL65_.jpg
C92,"Hexagon Furnitures Engineered Wood Wardrobe White,1 door","6,800",4.6 out of 5 stars,18,https://www.amazon.in//Hexagon-Furnitures-Crystal-Single-Wardrobe/dp/B083ZBXK6B/ref=sr_1_129?keywords=wardrobe&qid=1654403867&sr=8-129,https://m.media-amazon.com/images/I/41w6RfRQX0L._AC_UL960_FMwebp_QL65_.jpg
C93,Amazon Brand - Solimo Lindsay Engineered Wood 3 Door Wardrobe with Drawers and Mirror (Wenge Finish),"16,699",4.0 out of 5 stars,62,https://www.amazon.in//Amazon-Brand-Lindsay-Engineered-Wardrobe/dp/B08BGLH9TK/ref=sr_1_130?keywords=wardrobe&qid=1654403867&smid=AXOGFIT0PZZ7G&sr=8-130,https://m.media-amazon.com/images/I/81IDZsJTh-L._AC_UL960_FMwebp_QL65_.jpg
C94,Caspian Furniture Single Door Textured Engineered Wood Wardrobe (Brown),"6,700",3.0 out of 5 stars,1,https://www.amazon.in//Caspian-Furniture-Textured-Engineered-Wardrobe/dp/B08ZSHVHJH/ref=sr_1_131?keywords=wardrobe&qid=1654403867&sr=8-131,https://m.media-amazon.com/images/I/512rUYP1iiL._AC_UL960_FMwebp_QL65_.jpg
C95,Hudson's Two Door Wardrobe/Almirah/Bedroom Cupboard in Beige Color,"8,500",5.0 out of 5 stars,2,https://www.amazon.in//Hudsons-Wardrobe-Almirah-Bedroom-Cupboard/dp/B06XVH6D7R/ref=sr_1_132?keywords=wardrobe&qid=1654403867&sr=8-132,https://m.media-amazon.com/images/I/81rQ1+ULpjL._AC_UL960_FMwebp_QL65_.jpg
C96,Hudson Mark Multipurpose Storage Wooden Kids' Almirah Cabinet/Wardrobe,"6,000",1.0 out of 5 stars,1,https://www.amazon.in//Multipurpose-Storage-Almirah-Cabinet-Wardrobe/dp/B073J9M6GH/ref=sr_1_133?keywords=wardrobe&qid=1654403867&sr=8-133,https://m.media-amazon.com/images/I/71CnVk5HguL._AC_UL960_FMwebp_QL65_.jpg
C97,@home by Nilkamal Edward 3 Door Engineered Wood Wardrobe with 1 Hanging Space Drawers & Shelves (Walnut),"15,748",3.2 out of 5 stars,145,https://www.amazon.in//home-Nilkamal-Edward-Wardrobe-Melamine/dp/B07DZ2W5TH/ref=sr_1_134?keywords=wardrobe&qid=1654403867&sr=8-134,https://m.media-amazon.com/images/I/71YJfbjxJxL._AC_UL960_FMwebp_QL65_.jpg
C98,Hexagon Furnitures Tigress Teak 3 Door Wardrobe (Standard Size),"15,500",5.0 out of 5 stars,2,https://www.amazon.in//Hexagon-Furnitures-Tigress-Wardrobe-Standard/dp/B07HJ6MFKQ/ref=sr_1_135?keywords=wardrobe&qid=1654403867&sr=8-135,https://m.media-amazon.com/images/I/71OT8KhojoL._AC_UL960_FMwebp_QL65_.jpg
C99,Pepperfry Wardrobe | Mintwud | Olney | Colors: Wenge Finish | Doors: 3 | Wardrobe with Mirror | Bedroom Furniture | Wooden Wardrobe |,"27,747",N/A,N/A,https://www.amazon.in//Pepperfry-Wardrobe-Mintwud-Olney-Colors/dp/B09YQ48TYB/ref=sr_1_136?keywords=wardrobe&qid=1654403867&sr=8-136,https://m.media-amazon.com/images/I/71UxpRjPetS._AC_UL960_FMwebp_QL65_.jpg
C100,"Caspian Furniture White 2 Door Wardrobe with Locker, 3 Drawers, 4 Shelves |2 Door Wardrobe for Bedroom | Wardrobe for Clothes | 2 Door Cupboard | Almirah | 2 Door Engineered Wooden Almirah","8,500",3.8 out of 5 stars,9,https://www.amazon.in//Caspian-Furniture-Wardrobe-Cupboard-Engineered/dp/B091GXH66W/ref=sr_1_137?keywords=wardrobe&qid=1654403867&sr=8-137,https://m.media-amazon.com/images/I/51ynjRR3OPL._AC_UL960_FMwebp_QL65_.jpg
C101,"SAVERSCHOICE Modern Engineered Wood Wardrobe brown , 1 Door","6,500",3.4 out of 5 stars,17,https://www.amazon.in//Savers-Choice-Mordern-Textured-Wardrobe/dp/B0796B2WTG/ref=sr_1_138?keywords=wardrobe&qid=1654403867&sr=8-138,https://m.media-amazon.com/images/I/61FhhXS7rHL._AC_UL960_FMwebp_QL65_.jpg
C102,Hekami White High Gloss Finish Engineered Wood 3 Doors + 1 Drawer Wardrobe,"27,999",4.0 out of 5 stars,23,https://www.amazon.in//Hekami-Gloss-Finish-Drawer-Wardrobe/dp/B0771QLWXB/ref=sr_1_139?keywords=wardrobe&qid=1654403867&sr=8-139,https://m.media-amazon.com/images/I/41hhQkCTPzL._AC_UL960_FMwebp_QL65_.jpg
C103,"CASPIAN Furniture Light Brown 2 Door Wardrobe with Mirror for Bedroom with Locker , 3 Drawers , 4 shelves and hanging space for clothes | Engineered Wooden Wardrobe for Home | Movable Wardrobe | Clothes Organizer | Size 72x 30 x 19 (inches)","8,800",,N/A,https://www.amazon.in//CASPIAN-Fancy-Collapsible-Foldable-Organizer-Furniture/dp/B08LBPTJXQ/ref=sr_1_140?keywords=wardrobe&qid=1654403867&sr=8-140,https://m.media-amazon.com/images/I/61uUB+Z8ZAL._AC_UL960_FMwebp_QL65_.jpg
C104,Hexagon Furnitures Brick Textured Engineered Wood 3 Door Wardrobe with Mirror,"13,400",5.0 out of 5 stars,2,https://www.amazon.in//Hexagon-Furnitures-Textured-Wardrobe-Mirror/dp/B07BLTQ8RY/ref=sr_1_141?keywords=wardrobe&qid=1654403867&sr=8-141,https://m.media-amazon.com/images/I/41ZLKtBso0L._AC_UL960_FMwebp_QL65_.jpg
C105,Singar Furniture Wood Double Door Wardrobe 5 feet (Black Textured),"6,000",4.0 out of 5 stars,3,https://www.amazon.in//Singar-Furniture-Double-Wardrobe-Textured/dp/B08PBJVX1H/ref=sr_1_142?keywords=wardrobe&qid=1654403867&sr=8-142,https://m.media-amazon.com/images/I/315PbJq0IlL._AC_UL960_FMwebp_QL65_.jpg
C106,Hudson Mark Double Door Wardrobe/Almirah/Multipurpose Cabinet with 2 Drawers in Dark Walnut Color,"8,800",4.0 out of 5 stars,1,https://www.amazon.in//Wardrobe-Almirah-Multipurpose-Cabinet-Drawers/dp/B07XVJKZ3C/ref=sr_1_143?keywords=wardrobe&qid=1654403867&sr=8-143,https://m.media-amazon.com/images/I/61twrRDak9L._AC_UL960_FMwebp_QL65_.jpg
C107,Amazon Brand - Solimo Vega Engineered Wood 2 Door Wardrobe,"8,979",3.6 out of 5 stars,27,https://www.amazon.in//Amazon-Brand-Engineered-Wardrobe-Espresso/dp/B07SWNMS6X/ref=sr_1_144?keywords=wardrobe&qid=1654403867&smid=AXOGFIT0PZZ7G&sr=8-144,https://m.media-amazon.com/images/I/71eT8jvaQ-L._AC_UL960_FMwebp_QL65_.jpg
C108,Caspian Furniture Wood 2 Door Brick Textured Wardrobe with Mirror,"9,800",3.3 out of 5 stars,20,https://www.amazon.in//Caspian-Furniture-Textured-Wardrobe-Mirror/dp/B079T188XD/ref=sr_1_145?keywords=wardrobe&qid=1654403867&sr=8-145,https://m.media-amazon.com/images/I/31EqpNxodoL._AC_UL960_FMwebp_QL65_.jpg
C109,"1CLIQKART KLEPPSTAD Engineered Wood Wardrobe with Sliding Doors, white117x176 cm (46 1/8x69 1/4"")","23,990",N/A,N/A,https://www.amazon.in//1CLIQKART-KLEPPSTAD-Wardrobe-Sliding-white117x176/dp/B098LQ3N4S/ref=sr_1_146?keywords=wardrobe&qid=1654403867&sr=8-146,https://m.media-amazon.com/images/I/51X6n490-aS._AC_UL960_FMwebp_QL65_.jpg
C110,CASPIAN Furniture Single Door Wardrobe with 3 Shelves and 2 Drawers for Bedroom | Wooden Wardrobe | Home Furniture | Cupboard | Clothes Cabinet | 1 Door Storage Wardrobe,"6,700",4.1 out of 5 stars,9,https://www.amazon.in//CASPIAN-Furniture-Wardrobe-Shelves-Cupboard/dp/B08LBPLWDC/ref=sr_1_147?keywords=wardrobe&qid=1654403867&sr=8-147,https://m.media-amazon.com/images/I/61Skuna7nfL._AC_UL960_FMwebp_QL65_.jpg
C111,Trinayan Handicrafts Solid Sheesham Wood Cupboard || Wardrobe in Premium Teak Finish (Design 2),"28,000",4.5 out of 5 stars,2,https://www.amazon.in//gp/slredirect/picassoRedirect.html/ref=pa_sp_atf_next_aps_sr_pg4_1?ie=UTF8&adId=A09226163KL5HYHKX2PIN&url=%2FTrinayan-Handicrafts-Sheesham-Cupboard-Wardrobe%2Fdp%2FB09HVC1MJT%2Fref%3Dsr_1_145_sspa%3Fkeywords%3Dwardrobe%26qid%3D1654403875%26sr%3D8-145-spons%26psc%3D1&qualifier=1654403875&id=147682888498687&widgetName=sp_atf_next,https://m.media-amazon.com/images/I/71lzko6s6EL._AC_UL960_FMwebp_QL65_.jpg
C112,Hudson Mark Single Door Wardrobe with Double Drawer - Mahogany Color,"6,700",N/A,N/A,https://www.amazon.in//Hudson-Single-Wardrobe-Double-Drawer/dp/B09FR5P7WG/ref=sr_1_146?keywords=wardrobe&qid=1654403875&sr=8-146,https://m.media-amazon.com/images/I/51CTnvVe8bS._AC_UL960_FMwebp_QL65_.jpg
C113,Pepperfry Wardrobe | Mintwud | Kimura | Color: Tobacco Finish | Doors: 4 | Drawer: 2 | Bedroom Furniture | Wooden Wardrobe |,"15,647",N/A,N/A,https://www.amazon.in//Pepperfry-Wardrobe-Mintwud-Kimura-Color/dp/B09YQ3928V/ref=sr_1_147?keywords=wardrobe&qid=1654403875&smid=A1OFNE0QBGD0BC&sr=8-147,https://m.media-amazon.com/images/I/51j7Z9qsYNL._AC_UL960_FMwebp_QL65_.jpg
C114,Caspian Furniture Junglewood Textured 4 Door Wardrobe with Mirror (Black),"17,999",3.6 out of 5 stars,10,https://www.amazon.in//Caspian-Furniture-Junglewood-Textured-Wardrobe/dp/B079T4XBCK/ref=sr_1_148?keywords=wardrobe&qid=1654403875&sr=8-148,https://m.media-amazon.com/images/I/41ufnqeeIEL._AC_UL960_FMwebp_QL65_.jpg
C115,"Trevi Regal Deluxe Engineered Wood Wardrobe White,2 Doors","8,999",5.0 out of 5 stars,1,https://www.amazon.in//Trevi-Deluxe-Wardrobe-Mirror-Drawer/dp/B08CV7T3B5/ref=sr_1_149?keywords=wardrobe&qid=1654403875&sr=8-149,https://m.media-amazon.com/images/I/71zuk-K6RHL._AC_UL960_FMwebp_QL65_.jpg
C116,Hexagon Furnitures Wood Base Dark Wooden Texture Single Door Wardrobe with Mirror and Led Light Multi Colour Keychain of Hexagon Brand.,"6,800",3.8 out of 5 stars,17,https://www.amazon.in//Hexagon-Furnitures-Wooden-Texture-Wardrobe/dp/B0842627C5/ref=sr_1_150?keywords=wardrobe&qid=1654403875&sr=8-150,https://m.media-amazon.com/images/I/61c2O2Zhk5L._AC_UL960_FMwebp_QL65_.jpg
C117,Pepperfry Wardrobe | Mintwud | Kenzou | Color: Wenge Finish | Doors: 4 | Bedroom Furniture | Wooden Wardrobe |,"14,890",2.9 out of 5 stars,11,https://www.amazon.in//Mintwud-Pepperfry-Kenzou-Wardrobe-Finish/dp/B08YYHRNDX/ref=sr_1_151?keywords=wardrobe&qid=1654403875&sr=8-151,https://m.media-amazon.com/images/I/71ZIrUXZ0bL._AC_UL960_FMwebp_QL65_.jpg
C118,HomeTown Premier Engineered Wood Three Door Wardrobe in Regato Walnut Colour,"13,599",3.7 out of 5 stars,67,https://www.amazon.in//HomeTown-Premier-3-Door-Wardrobe-Walnut/dp/B01LNLX8D0/ref=sr_1_152?keywords=wardrobe&qid=1654403875&sr=8-152,https://m.media-amazon.com/images/I/61G8WEBejcL._AC_UL960_FMwebp_QL65_.jpg
C119,Caspian Furniture 4 Door Wardrobe for Bedroom with Shelves and Hanging Space | 4 Door Wardrobe for Clothes Wooden Furniture | Engineered Wooden Cupboard | Home Storage (Wood Texture),"17,000",4.5 out of 5 stars,3,https://www.amazon.in//Caspian-Furniture-Wardrobe-Engineered-Cupboard/dp/B08ZS6ZXK9/ref=sr_1_153?keywords=wardrobe&qid=1654403875&sr=8-153,https://m.media-amazon.com/images/I/615P530l0BL._AC_UL960_FMwebp_QL65_.jpg
C120,ABBAJI INTERIORS Engineered Wood Two-Door Wardrobe for Bedroom with 2 Drawers and 2 Shelves (Walnut Brick Texture)- Length 36 inch,"10,000",N/A,N/A,https://www.amazon.in//ABBAJI-INTERIORS-Engineered-Two-Door-Wardrobe/dp/B09P6C2MDL/ref=sr_1_154?keywords=wardrobe&qid=1654403875&sr=8-154,https://m.media-amazon.com/images/I/51yg3+IdTSL._AC_UL960_FMwebp_QL65_.jpg
C121,"CASPIAN Furniture Single Door Wardrobe with 3 Shelves, 2 Drawers and Mirror for Bedroom | Wooden Wardrobe | Home Furniture | Cupboard | Clothes Cabinet","7,000",2.9 out of 5 stars,5,https://www.amazon.in//CASPIAN-Furniture-Wardrobe-Shelves-Cupboard/dp/B08LBP2MTR/ref=sr_1_155?keywords=wardrobe&qid=1654403875&sr=8-155,https://m.media-amazon.com/images/I/61nve7pSPxL._AC_UL960_FMwebp_QL65_.jpg
C122,CASPIAN Furniture Junglewood Texture 2 Door Wardrobe/Cupboard with 6 Shelves | Wardrobe for Bedroom/Kitchen Organizer/Clothes Cabinet | Size 75 x 24 x19 inches (Brown Finish),"7,500",N/A,N/A,https://www.amazon.in//Junglewood-Door-75-x19-inches/dp/B09QKR8MG9/ref=sr_1_156?keywords=wardrobe&qid=1654403875&sr=8-156,https://m.media-amazon.com/images/I/71wMgxbhYfL._AC_UL960_FMwebp_QL65_.jpg
C123,"Hexagon Furnitures Wooden Cafe Walnut 2 Door Wardrobe, Beige","9,900",N/A,N/A,https://www.amazon.in//Hexagon-Furnitures-Wooden-Walnut-Wardrobe/dp/B07MJ11XDM/ref=sr_1_157?keywords=wardrobe&qid=1654403875&sr=8-157,https://m.media-amazon.com/images/I/712E-7XPy+L._AC_UL960_FMwebp_QL65_.jpg
C124,"AVIKA Steel Works Engineered Wood Wardrobe Walnut Finish,3 Doors",/A,N/A,N/A,https://www.amazon.in//AVIKA-Engineered-Wardrobe-Walnut-Finish/dp/B0B2D2X78Y/ref=sr_1_158?keywords=wardrobe&qid=1654403875&sr=8-158,https://m.media-amazon.com/images/I/41kzMYMArCL._AC_UL960_FMwebp_QL65_.jpg
C125,"Joy's Furnitures Wood Wardrobe Black , 1 Door","7,000",5.0 out of 5 stars,1,https://www.amazon.in//Joys-Furnitures-Single-Door-Wardrobe/dp/B01IB6L54O/ref=sr_1_159?keywords=wardrobe&qid=1654403875&sr=8-159,https://m.media-amazon.com/images/I/71VCQbEm+sL._AC_UL960_FMwebp_QL65_.jpg
C126,Hudson's Two Door Wardrobe with Mirror,"9,999",4.5 out of 5 stars,2,https://www.amazon.in//Hudsons-Wooden-Almirah-Wardrobe-Mirror/dp/B07HF3PFGJ/ref=sr_1_160?keywords=wardrobe&qid=1654403875&sr=8-160,https://m.media-amazon.com/images/I/61V+W9NLtiL._AC_UL960_FMwebp_QL65_.jpg
C127,Generic Hudson's Two Door Wardrobe with Mirror in Dark Walnut (Black Shade),"8,800",5.0 out of 5 stars,1,https://www.amazon.in//Generic-Hudsons-Wardrobe-Mirror-Walnut/dp/B076GGBP9J/ref=sr_1_161?keywords=wardrobe&qid=1654403875&sr=8-161,https://m.media-amazon.com/images/I/51FZDIvlg-L._AC_UL960_FMwebp_QL65_.jpg
C128,Caspian Furniture 2 Door Wardrobe with 3 Shelves | 2 Door Wardrobe for Clothes | 2 Door Wardrobe for Bedroom | Wooden Wardrobe for Kitchen Storage (Walnut Finish) (Width 36 Inches),"9,000",3.0 out of 5 stars,1,https://www.amazon.in//Caspian-Furniture-Wardrobe-Shelves-Clothes/dp/B091F2WLLF/ref=sr_1_162?keywords=wardrobe&qid=1654403875&sr=8-162,https://m.media-amazon.com/images/I/51k2wB0qoHL._AC_UL960_FMwebp_QL65_.jpg
C129,ABBAJI INTERIORS Engineered Wood Single-Door Wardrobe with 2 Drawers and 3 Shelves for Bedroom (White badal Texture)- Depth 19 inch,"6,900",N/A,N/A,https://www.amazon.in//ABBAJI-INTERIORS-Engineered-Single-Door-Wardrobe/dp/B09P6BP77X/ref=sr_1_163?keywords=wardrobe&qid=1654403875&sr=8-163,https://m.media-amazon.com/images/I/31CuXNSbc2L._AC_UL960_FMwebp_QL65_.jpg
C130,Bluewud Maltein Engineered Wood 4 Doors Wardrobe (Wenge),"20,499",4.1 out of 5 stars,10,https://www.amazon.in//Bluewud-Maltein-Plain-Wardrobe-Wenge/dp/B092S9X7H8/ref=sr_1_164?keywords=wardrobe&qid=1654403875&sr=8-164,https://m.media-amazon.com/images/I/612hIpIIw7L._AC_UL960_FMwebp_QL65_.jpg
C131,"SK Furniture MDF Wardrobe Multicolor,4 door","17,999",5.0 out of 5 stars,1,https://www.amazon.in//SK-Furniture-Four-Door-Wardrobe-Mirror/dp/B07NVTNQPK/ref=sr_1_165?keywords=wardrobe&qid=1654403875&sr=8-165,https://m.media-amazon.com/images/I/31vyLJ2CB5L._AC_UL960_FMwebp_QL65_.jpg
C132,HM Nit 1 Doors Wardrobe| Long Cabinet | Storage Cabinet (Finish :-Black pre- Laminated Matt),/A,N/A,N/A,https://www.amazon.in//HM-Nit-Wardrobe-Cabinet-Storage/dp/B09XH9J1NX/ref=sr_1_166?keywords=wardrobe&qid=1654403875&sr=8-166,https://m.media-amazon.com/images/I/51IxIcbPDML._AC_UL960_FMwebp_QL65_.jpg
C133,Homiez Decor Hyle Two Door Wardrobe with Mirror & Drawer in Vermount Finish,"9,500",3.8 out of 5 stars,17,https://www.amazon.in//Homiez-Decor-Wardrobe-Mirror-Vermount/dp/B07Q14Q8YM/ref=sr_1_167?keywords=wardrobe&qid=1654403875&sr=8-167,https://m.media-amazon.com/images/I/31sUt5o9IiL._AC_UL960_FMwebp_QL65_.jpg
C134,"Ikea KLEPPSTAD Wardrobe with 3 Doors, White 117x176 cm (46 1/8x69 1/4"")","19,999",N/A,N/A,https://www.amazon.in//Ikea-KLEPPSTAD-Wardrobe-Doors-117x176/dp/B09RKSHF9F/ref=sr_1_168?keywords=wardrobe&qid=1654403875&sr=8-168,https://m.media-amazon.com/images/I/21O08S+5chL._AC_UL960_FMwebp_QL65_.jpg
C135,Cherry Wood Willy Multipurpose 3 Door Wardrobe for Bedroom (Walnut Finish),"13,900",1.0 out of 5 stars,1,https://www.amazon.in//Cherry-Wood-Multipurpose-Wardrobe-Bedroom/dp/B08RWHQJD9/ref=sr_1_169?keywords=wardrobe&qid=1654403875&sr=8-169,https://m.media-amazon.com/images/I/41TW6owDDXL._AC_UL850_FMwebp_QL65_.jpg
C136,Caspian Furniture Wood Textured 2 Door Wardrobe With 6 Shelves | 2 Door Wardrobe For Bedroom | Wardrobe For Clothes | 2 Door Cupboard | Almirah | Engineered Wooden Almirah | Home Kitchen Storage | Shoerack for home,"8,600",3.0 out of 5 stars,5,https://www.amazon.in//Caspian-Furniture-Textured-Wardrobe-Engineered/dp/B091HW1THM/ref=sr_1_170?keywords=wardrobe&qid=1654403875&sr=8-170,https://m.media-amazon.com/images/I/71jStCayIcL._AC_UL960_FMwebp_QL65_.jpg
C137,ILLFORDD FURNITURE Single Door Wardrobe Without Mirror (Color- Plain White),"7,000",3.6 out of 5 stars,2,https://www.amazon.in//ILLFORDD-FURNITURE-Door-Wardrobe-Without/dp/B09K7KTJH5/ref=sr_1_171?keywords=wardrobe&qid=1654403875&sr=8-171,https://m.media-amazon.com/images/I/41Fww1JxDtL._AC_UL960_FMwebp_QL65_.jpg
C138,AVIKA Steel Works Engineered Wood 2 Door Wardrobe (Walnut Finish),/A,N/A,N/A,https://www.amazon.in//AVIKA-Engineered-Wardrobe-Walnut-Finish/dp/B0B2D47Y69/ref=sr_1_172?keywords=wardrobe&qid=1654403875&sr=8-172,https://m.media-amazon.com/images/I/41pKT13H5UL._AC_UL900_FMwebp_QL65_.jpg
C139,"Amazon Brand - Solimo Marvy 2-Door Steel Wardrobe (Light Cream Body & Russet Door, Powder Coated Finish)","19,999",,N/A,https://www.amazon.in//Amazon-Brand-Solimo-2-Door-Wardrobe/dp/B09FFK9WSQ/ref=sr_1_173?keywords=wardrobe&qid=1654403875&smid=AXOGFIT0PZZ7G&sr=8-173,https://m.media-amazon.com/images/I/717budF9WIL._AC_UL960_FMwebp_QL65_.jpg
C140,Pepperfry Wardrobe | Mintwud | Shou | Color: Wenge Finish | Doors: 2 | Bedroom Furniture | Wooden Wardrobe |,"7,747",N/A,N/A,https://www.amazon.in//Pepperfry-Wardrobe-Mintwud-Shou-Color/dp/B09P1F3H5P/ref=sr_1_174?keywords=wardrobe&qid=1654403875&smid=A3B7TZVWPAV0Y6&sr=8-174,https://m.media-amazon.com/images/I/61zoTZqXluL._AC_UL960_FMwebp_QL65_.jpg
C141,Home Centre Helios Reynan White Compressed Wood 3 Door Wardrobe With Mirror,"24,499",2.8 out of 5 stars,13,https://www.amazon.in//Home-Centre-Helios-Compressed-Wardrobe/dp/B098DJ3PWB/ref=sr_1_175?keywords=wardrobe&qid=1654403875&sr=8-175,https://m.media-amazon.com/images/I/619EYOVE07S._AC_UL960_FMwebp_QL65_.jpg
C142,Zuari Star 4 Door Wardrobe (Imperial Teak),"19,500",3.4 out of 5 stars,6,https://www.amazon.in//Zuari-Star-Door-Wardrobe-Imperial/dp/B07JN1RG6S/ref=sr_1_176?keywords=wardrobe&qid=1654403875&sr=8-176,https://m.media-amazon.com/images/I/91X2TdlZ1DL._AC_UL960_FMwebp_QL65_.jpg
C143,"Caspian Furniture 4 Door Wardrobe for Bedroom with Shelves, Drawer and Hanging Space | 4 Door Wardrobe for Clothes Wooden Furniture | Engineered Wooden Cupboard (Dark Brown)","17,000",,N/A,https://www.amazon.in//Caspian-Furniture-Wardrobe-Engineered-Cupboard/dp/B091GYCYMT/ref=sr_1_177?keywords=wardrobe&qid=1654403875&sr=8-177,https://m.media-amazon.com/images/I/51Zl1sVNVjL._AC_UL960_FMwebp_QL65_.jpg
C144,"Caspian Furniture Wood Textured 3 Door Wardrobe with Locker, Drawers, Shelves and Hanging Space for Clothes | Wardrobe for Clothes | 3 Door Cupboard | Almirah | Engineered Wood| Home Storage","13,500",4.2 out of 5 stars,3,https://www.amazon.in//Caspian-Furniture-Textured-Wardrobe-Engineered/dp/B091GYPTG6/ref=sr_1_178?keywords=wardrobe&qid=1654403875&sr=8-178,https://m.media-amazon.com/images/I/71jZgId1EpL._AC_UL960_FMwebp_QL65_.jpg
C145,CASPIAN Furniture Streak Textured 2 Door Wardrobe for Bedroom with 2 Drawers and 4 Shelves | Cupboard for Home | Bedroom Wardrobes | Engineered Wood Cupboard | Size 75 x 24 x 19 inches,"8,200",N/A,N/A,https://www.amazon.in//Door-Engineered-75-24-inches/dp/B09QKQGTVJ/ref=sr_1_179?keywords=wardrobe&qid=1654403875&sr=8-179,https://m.media-amazon.com/images/I/61rR4ZZOmtL._AC_UL960_FMwebp_QL65_.jpg
C146,HomeTown Prime Engineered Wood Four Door Wardrobe in White Colour,"22,999",N/A,N/A,https://www.amazon.in//HomeTown-Prime-Engineered-Wardrobe-Colour/dp/B09XDZKCQT/ref=sr_1_180?keywords=wardrobe&qid=1654403875&sr=8-180,https://m.media-amazon.com/images/I/61MlhaG7zEL._AC_UL960_FMwebp_QL65_.jpg
C147,"Hexagon Furnitures Wooden Tigress Teak 2 Door Wardrobe, Brown","9,900",N/A,More Buying Choices,https://www.amazon.in//Hexagon-Furnitures-Wooden-Tigress-Wardrobe/dp/B07MLJ93FP/ref=sr_1_181?keywords=wardrobe&qid=1654403875&sr=8-181,https://m.media-amazon.com/images/I/71q+sdt4A3L._AC_UL960_FMwebp_QL65_.jpg
C148,HomeTown Utsav Engineered Wood Four Door Wardrobe in Wenge Colour,"21,599",3.3 out of 5 stars,121,https://www.amazon.in//HomeTown-Utsav-Four-Door-Wardrobe-Mirror/dp/B01302RQ4W/ref=sr_1_182?keywords=wardrobe&qid=1654403875&sr=8-182,https://m.media-amazon.com/images/I/41pT9pWEOXL._AC_UL960_FMwebp_QL65_.jpg
C149,"CASPIAN Furniture Rustic Brown 2 Door Wardrobe with Mirror for Bedroom | Engineered Wooden Wardrobe for Home | Cupboard with Shelves, Locker and Hanging space for Clothes | Movable wardrobe | Clothes Organizer | Size 75x30x19 (inches)","8,800",,N/A,https://www.amazon.in//CASPIAN-Portable-Furniture-Texture-Wardrobe-Cupboard/dp/B08LBN35WV/ref=sr_1_183?keywords=wardrobe&qid=1654403875&sr=8-183,https://m.media-amazon.com/images/I/71gcHbp0vVL._AC_UL960_FMwebp_QL65_.jpg
C150,ILLFORDD Furniture Engineered Wood Single Door Wardrobe Without Mirror (White),"7,000",,N/A,https://www.amazon.in//ILLFORDD-Furniture-Engineered-Wardrobe-Without/dp/B09F68828V/ref=sr_1_184?keywords=wardrobe&qid=1654403875&sr=8-184,https://m.media-amazon.com/images/I/41Pq+jn3rOL._AC_UL960_FMwebp_QL65_.jpg
C151,@home by Nilkamal Avery Engineered Wood 3 Door Wardrobe in Modi Wenge finish,"18,900",3.2 out of 5 stars,60,https://www.amazon.in//home-Nilkamal-Avery-Wardrobe-Wenge/dp/B075ZB5BLX/ref=sr_1_185?keywords=wardrobe&qid=1654403875&sr=8-185,https://m.media-amazon.com/images/I/81yPXv9Hn4L._AC_UL960_FMwebp_QL65_.jpg
C152,"VIVDeal Diamond Sliding Wardrobe Dark Jungle with Bright White Color which Will Suit with Any Type of Interior of Your Bedroom., (C123456)","32,000",,N/A,https://www.amazon.in//VIVDeal-Diamond-Wardrobe-Interior-Bedroom/dp/B09DCSJRJF/ref=sr_1_186?keywords=wardrobe&qid=1654403875&sr=8-186,https://m.media-amazon.com/images/I/41xI5j5+bjL._AC_UL960_FMwebp_QL65_.jpg
C153,"Caspian Furniture 2 Door Wardobe with Mirror Attached, Shelves, Drawers and Hanging Space|2 Door Wardrobe for Clothes | 2 Door Wardrobe for Bedroom | Wooden Wardrobe(Walnut Finish) (Width 36 Inches)","10,500",4.6 out of 5 stars,3,https://www.amazon.in//Caspian-Furniture-Wardobe-Attached-Wardrobe/dp/B091FDBXH9/ref=sr_1_187?keywords=wardrobe&qid=1654403875&sr=8-187,https://m.media-amazon.com/images/I/41WuEJ062cL._AC_UL960_FMwebp_QL65_.jpg
C154,"Caspian Furniture Super White 4 Door Wardrobe with 2 Mirrors| Wardrobe for 2 Persons |Drawers and Lock, 3 Shelves and Hanging Space for Clothes(60"" *21*""75 inch)","18,000",2.4 out of 5 stars,3,https://www.amazon.in//Caspian-Furniture-Wardrobe-Mirrors-Persons/dp/B09KLWNQXD/ref=sr_1_188?keywords=wardrobe&qid=1654403875&sr=8-188,https://m.media-amazon.com/images/I/51VfC-E6tSL._AC_UL960_FMwebp_QL65_.jpg
C155,"Caspian Furniture Brown 3 Door Wardrobe with Drawer, Shelves and Hanging Space for Clothes | 3 Door Wardrobe for Clothes | 3 Door Cupboard | Almirah |3 Door Engineered Wooden Cupboard | Home Storage","13,499",,N/A,https://www.amazon.in//Caspian-Furniture-Wardrobe-Cupboard-Engineered/dp/B08Y8YW7DB/ref=sr_1_189?keywords=wardrobe&qid=1654403875&sr=8-189,https://m.media-amazon.com/images/I/71-MLpHw1cL._AC_UL960_FMwebp_QL65_.jpg
C156,"Hexagon Furniture Streak Textured Wood Wardrobe With Mirror Brown , 2 Doors","9,999",3.6 out of 5 stars,20,https://www.amazon.in//Hexagon-Furnitures-Streak-Textured-Wardrobe/dp/B07BLWVYH6/ref=sr_1_190?keywords=wardrobe&qid=1654403875&sr=8-190,https://m.media-amazon.com/images/I/41hJekRz17L._AC_UL960_FMwebp_QL65_.jpg
C157,"Hexagon Furnitures Wood Wardrobe Brown,4 door","19,000",N/A,More Buying Choices,https://www.amazon.in//Hexagon-Furnitures-Orchid-Glossy-Wardrobe/dp/B07HM25M2H/ref=sr_1_191?keywords=wardrobe&qid=1654403875&sr=8-191,https://m.media-amazon.com/images/I/71sWNK0ewGL._AC_UL960_FMwebp_QL65_.jpg
C158,Double Door Wardrobe with Mirror and Drawers in Dark Walnut,"9,500",N/A,N/A,https://www.amazon.in//Double-Wardrobe-Mirror-Drawers-Walnut/dp/B06XF4BYNF/ref=sr_1_192?keywords=wardrobe&qid=1654403875&sr=8-192,https://m.media-amazon.com/images/I/51FZDIvlg-L._AC_UL960_FMwebp_QL65_.jpg
C159,"ABBAJI INTERIORS Engineered Wood Four-Door Wardrobe with Mirror and 4 Drawers,8 Shelves (White Texture)- Length 72 inch","21,900",N/A,N/A,https://www.amazon.in//ABBAJI-INTERIORS-Engineered-Four-Door-Wardrobe/dp/B09PPKLW6G/ref=sr_1_193?keywords=wardrobe&qid=1654403875&sr=8-193,https://m.media-amazon.com/images/I/410KlgjeabL._AC_UL960_FMwebp_QL65_.jpg
C160,"Hexagon Furnitures 2 Door Wardrobe with 5 Shelves,1 Drawer (Brown Texture) and with LED Light Multi Colour Keychain of Hexagon Brand.","9,000",,N/A,https://www.amazon.in//Hexagon-Furnitures-Door-Wardrobe-Keychain/dp/B09ZQWNBP5/ref=sr_1_193?keywords=wardrobe&qid=1654403878&sr=8-193,https://m.media-amazon.com/images/I/51TmAYnvKrL._AC_UL960_FMwebp_QL65_.jpg
C161,Hexagon Furnitures Brick Textured Single Door Wardorbe with Mirror,"7,000",4.3 out of 5 stars,5,https://www.amazon.in//Hexagon-Furnitures-Textured-Single-Wardorbe/dp/B07BLZTTMQ/ref=sr_1_194?keywords=wardrobe&qid=1654403878&sr=8-194,https://m.media-amazon.com/images/I/61VPVS2-2aL._AC_UL960_FMwebp_QL65_.jpg
C162,"Ikea VUKU Wardrobe, White, 74x51x149 cm (29 1/8x20 1/8x58 5/8"")","1,760",4.7 out of 5 stars,4,https://www.amazon.in//Ikea-VUKU-Wardrobe-White-74x51x149/dp/B07N6KLV18/ref=sr_1_195?keywords=wardrobe&qid=1654403878&sr=8-195,https://m.media-amazon.com/images/I/61RhKLFoK+L._AC_UL960_FMwebp_QL65_.jpg
C163,"Hexagon Furniture Delux Engineered Wood Wardrobe With Mirror Brown , 3 Doors","13,500",5.0 out of 5 stars,1,https://www.amazon.in//Hexagon-Furnitures-Delux-Wardrobe-Mirror/dp/B07BLSSQX4/ref=sr_1_196?keywords=wardrobe&qid=1654403878&sr=8-196,https://m.media-amazon.com/images/I/415jn1Z1qrL._AC_UL960_FMwebp_QL65_.jpg
C164,"CASPIAN Engineered Wood Multipurpose 2 Door Wardrobe with Mirror | Wardrobe with 3 Drawers and Lock, 4 Shelves and Hanging Space for Clothes (Siam Teak)","8,999",,N/A,https://www.amazon.in//CASPIAN-Engineered-Multipurpose-Wardrobe-Drawers/dp/B09MQTV9HL/ref=sr_1_197?keywords=wardrobe&qid=1654403878&sr=8-197,https://m.media-amazon.com/images/I/61-5UxDpwlL._AC_UL960_FMwebp_QL65_.jpg
C165,Caspian Furnitures Streak Textured 2 Door Engineered Wood Wardrobe with Mirror,"8,800",5.0 out of 5 stars,3,https://www.amazon.in//Caspian-Streak-Textured-Wardrobe-Mirror/dp/B01N6IJEK8/ref=sr_1_198?keywords=wardrobe&qid=1654403878&sr=8-198,https://m.media-amazon.com/images/I/41hJekRz17L._AC_UL960_FMwebp_QL65_.jpg
C166,"Caspian Furniture Super White 4 Door Wardrobe Without Mirror| Wardrobe for 2 Persons |Drawers and Lock, 3 Shelves and Hanging Space for Clothes (60"" *19*""75 inch)","17,000",5.0 out of 5 stars,1,https://www.amazon.in//Caspian-Furniture-Wardrobe-Without-Persons/dp/B09KLVG2W2/ref=sr_1_199?keywords=wardrobe&qid=1654403878&sr=8-199,https://m.media-amazon.com/images/I/51T1QyGDLDL._AC_UL960_FMwebp_QL65_.jpg
C167,"ABBAJI INTERIORS Engineered Wood Four-Door Wardrobe with 4 Drawers,8 Shelves (Rustic White Texture)- Length 60 inch","17,900",N/A,N/A,https://www.amazon.in//ABBAJI-INTERIORS-Engineered-Four-Door-Wardrobe/dp/B09PPNC18J/ref=sr_1_200?keywords=wardrobe&qid=1654403878&sr=8-200,https://m.media-amazon.com/images/I/61XsI0+KT6L._AC_UL960_FMwebp_QL65_.jpg
C168,"CASPIAN Furniture Junglewood Texture 2 Door Wardrobe/Cupboard in Brown with 2 Drawers, 3 Shelves and Hanging Space for Clothes|Engineered Wood Cupboard |Size 75 x 24 x 17 inches (Brown Finish)","7,500",N/A,N/A,https://www.amazon.in//Junglewood-Door-Engineered-75-inches/dp/B09QKSCMQ8/ref=sr_1_201?keywords=wardrobe&qid=1654403878&sr=8-201,https://m.media-amazon.com/images/I/51Uotyq-IeL._AC_UL960_FMwebp_QL65_.jpg
C169,2 Door Wardrobe with Mirror | Engineered Wood - Wenge Finish,"8,499",1.0 out of 5 stars,1,https://www.amazon.in//Door-Wardrobe-Mirror-Engineered-Wood/dp/B08CCYVDYM/ref=sr_1_202?keywords=wardrobe&qid=1654403878&sr=8-202,https://m.media-amazon.com/images/I/51snloQKnmL._AC_UL960_FMwebp_QL65_.jpg
C170,"Caspian Furniture African Wood Textured 2 Door Wardrobe with 3 Shelves,2 Drawers, Locker and Hanging Space for Clothes | Wardrobe for Bedroom | Wardrobe for Clothes |Cupboard |Wooden Wardrobe","8,300",4.0 out of 5 stars,1,https://www.amazon.in//Caspian-Furniture-Textured-Wardrobe-Cupboard/dp/B08YQTZDP7/ref=sr_1_203?keywords=wardrobe&qid=1654403878&sr=8-203,https://m.media-amazon.com/images/I/714nRaHr57L._AC_UL960_FMwebp_QL65_.jpg
C171,HomeTown Allen Engineered Wood Three Door Wardrobe in Walnut Colour,"15,299",3.0 out of 5 stars,117,https://www.amazon.in//HomeTown-3-Door-Wardrobe-Mirror-Walnut/dp/B01J1K9PBY/ref=sr_1_204?keywords=wardrobe&qid=1654403878&sr=8-204,https://m.media-amazon.com/images/I/61mUsfUgRoL._AC_UL960_FMwebp_QL65_.jpg
C172,Pepperfry Wardrobe | Mintwud | Nariko | Color: Wenge Finish | Doors: 4 | Bedroom Furniture | Wooden Wardrobe |,"21,897",N/A,N/A,https://www.amazon.in//Pepperfry-Wardrobe-Mintwud-Nariko-Color/dp/B09SZRFGTV/ref=sr_1_205?keywords=wardrobe&qid=1654403878&sr=8-205,https://m.media-amazon.com/images/I/71bTD4quNEL._AC_UL960_FMwebp_QL65_.jpg
C173,ILLFORDD FURNITURE Two Door Wardrobe with Mirror (Color-Dark Brown),"9,000",5.0 out of 5 stars,1,https://www.amazon.in//ILLFORDD-FURNITURE-Door-Wardrobe-Color-Dark/dp/B09JM7BTJM/ref=sr_1_206?keywords=wardrobe&qid=1654403878&sr=8-206,https://m.media-amazon.com/images/I/510RT9cGW-L._AC_UL960_FMwebp_QL65_.jpg
C174,Hexagon Furnitures Streak Textured 2 Door Engineered Wood Wardrobe with Mirror,"9,999",N/A,N/A,https://www.amazon.in//Hexagon-Furnitures-Streak-Textured-Wardrobe/dp/B07BLVRV87/ref=sr_1_207?keywords=wardrobe&qid=1654403878&sr=8-207,https://m.media-amazon.com/images/I/41ztcXetwtL._AC_UL960_FMwebp_QL65_.jpg
C175,"Caspian Furniture Wooden Furnish Streak Textured 2 Door Wardrobe with Mirror,Standard,Brown","9,500",,N/A,https://www.amazon.in//Caspian-Furnish-Streak-Textured-Wardrobe/dp/B079T44CWT/ref=sr_1_208?keywords=wardrobe&qid=1654403878&sr=8-208,https://m.media-amazon.com/images/I/41hJekRz17L._AC_UL960_FMwebp_QL65_.jpg
C176,Homiez Decor Sonoma Oak Finish Cylo Single Door Wardrobe,"7,500",N/A,N/A,https://www.amazon.in//Cylo-Single-Wardrobe-Sonoma-Finish/dp/B07NP25D37/ref=sr_1_209?keywords=wardrobe&qid=1654403878&sr=8-209,https://m.media-amazon.com/images/I/41V1agoXYRL._AC_UL960_FMwebp_QL65_.jpg
C177,MA Modern Amenities Engineered Wood 3 Door High Glossy Wardrobe with Mirror (White and Brown),"15,500",N/A,N/A,https://www.amazon.in//MA-Modern-Amenities-Engineered-Wardrobe/dp/B08DRLMCHB/ref=sr_1_210?keywords=wardrobe&qid=1654403878&sr=8-210,https://m.media-amazon.com/images/I/71FKL7VXATL._AC_UL960_FMwebp_QL65_.jpg
C178,Woodbuzz-Starling-3 Door Wardrobe | Frosty White,/A,N/A,N/A,https://www.amazon.in//Woodbuzz-Starling-3-Door-Wardrobe-Frosty-White/dp/B09XJ51W62/ref=sr_1_211?keywords=wardrobe&qid=1654403878&sr=8-211,https://m.media-amazon.com/images/I/51I52Llc+JL._AC_UL960_FMwebp_QL65_.jpg
C179,CASPIAN Furniture Super White Texture 2 Door Wardrobe/Cupboard with 6 Shelves | Wardrobe for Bedroom/Kitchen Organizer/Clothes Cabinet | Size 75 x 24 x 17 inches,"7,500",N/A,N/A,https://www.amazon.in//Door-75-24-17-inches/dp/B09QKRGRGP/ref=sr_1_212?keywords=wardrobe&qid=1654403878&sr=8-212,https://m.media-amazon.com/images/I/614RyDg6ghL._AC_UL960_FMwebp_QL65_.jpg
C180,Caspian Furnitures 3 Door Wardrobe With Mirror,"13,999",3.1 out of 5 stars,3,https://www.amazon.in//Caspian-Furnitures-Door-Wardrobe-Mirror/dp/B07BF9DRCY/ref=sr_1_213?keywords=wardrobe&qid=1654403878&sr=8-213,https://m.media-amazon.com/images/I/41L2koo1uOL._AC_UL960_FMwebp_QL65_.jpg
C181,Pepperfry Wardrobe | Mintwud | Ren | Color: Wenge Finish | Doors: 2 | Drawer: 2 | Bedroom Furniture | Wooden Wardrobe |,/A,2.9 out of 5 stars,28,https://www.amazon.in//Mintwud-Pepperfry-Wardrobe-Drawers-Finish/dp/B08WL7MHJP/ref=sr_1_214?keywords=wardrobe&qid=1654403878&sr=8-214,https://m.media-amazon.com/images/I/71+3F5FH+CL._AC_UL960_FMwebp_QL65_.jpg
C182,"Caspian Furniture Streak Textured 2 Door Wardrobe with Mirror, Locker, 2 Shleves and Hanging Space for Clothes | Wardrobe for Bedroom | Wardrobe for Clothes | Cupboard | Almirah | Engineered Wood","8,800",,N/A,https://www.amazon.in//Caspian-Furniture-Textured-Wardrobe-Engineered/dp/B08YR6PSNX/ref=sr_1_215?keywords=wardrobe&qid=1654403878&sr=8-215,https://m.media-amazon.com/images/I/31qlFQuL-zL._AC_UL960_FMwebp_QL65_.jpg
C183,Homiez Decor Walnut Finish 1 Door Wardrobe,"6,800",N/A,N/A,https://www.amazon.in//Homiez-Decor-Walnut-Finish-Wardrobe/dp/B089G6LQHW/ref=sr_1_216?keywords=wardrobe&qid=1654403878&sr=8-216,https://m.media-amazon.com/images/I/71D98UfWKML._AC_UL960_FMwebp_QL65_.jpg
C184,"Caspian Furniture African Wood Textured 2 Door Wardrobe with 3 Shelves, Drawer and Hanging Space for Clothes | Wardrobe for Bedroom | Wardrobe for Clothes | Cupboard | Almirah |Wooden Wardrobe","8,300",,N/A,https://www.amazon.in//Caspian-Furniture-Textured-Wardrobe-Cupboard/dp/B08YRG2ZQ1/ref=sr_1_217?keywords=wardrobe&qid=1654403878&sr=8-217,https://m.media-amazon.com/images/I/714nRaHr57L._AC_UL960_FMwebp_QL65_.jpg
C185,ILLFORDD FURNITURE Two Door Premium Wardrobe with Mirror (Color-Dark Brown),"9,000",5.0 out of 5 stars,1,https://www.amazon.in//ILLFORDD-FURNITURE-Door-Wardrobe-Color-Dark/dp/B09ND5JJF9/ref=sr_1_218?keywords=wardrobe&qid=1654403878&sr=8-218,https://m.media-amazon.com/images/I/41T3VUhqCLL._AC_UL960_FMwebp_QL65_.jpg
C186,HM Nit 1 Doors Wardrobe| Long Cabinet | Storage Cabinet (Finish :-White pre- Laminated Matt),/A,N/A,N/A,https://www.amazon.in//HM-Nit-Wardrobe-Cabinet-Storage/dp/B09XH8VVMX/ref=sr_1_219?keywords=wardrobe&qid=1654403878&sr=8-219,https://m.media-amazon.com/images/I/31pqmNoFC1L._AC_UL960_FMwebp_QL65_.jpg
C187,RUSTIQUE Single Door Wardrobe in Walnut Finish,"7,000",N/A,N/A,https://www.amazon.in//RUSTIQUE-Single-Wardrobe-Walnut-Finish/dp/B081M2CG58/ref=sr_1_220?keywords=wardrobe&qid=1654403878&sr=8-220,https://m.media-amazon.com/images/I/71hTsZged9L._AC_UL960_FMwebp_QL65_.jpg
C188,CASPIAN Furniture Light Brown Engineered Wood Single Door Wardrobe/Cupboard with 5 Shelves and 6 compartments |Multipurpose Cabinet for Office/Kitchen Purpose,"6,700",,N/A,https://www.amazon.in//Engineered-Single-Door-compartments-Multipurpose/dp/B09PZ2FK87/ref=sr_1_221?keywords=wardrobe&qid=1654403878&sr=8-221,https://m.media-amazon.com/images/I/51Ej-b-KzxL._AC_UL960_FMwebp_QL65_.jpg
C189,Bluewud Maltein Engineered Wood 2 Doors Wardrobe (Wenge),"11,999",4.2 out of 5 stars,15,https://www.amazon.in//Bluewud-Maltein-Engineered-Plain-Wardrobe/dp/B08YXDW9WJ/ref=sr_1_222?keywords=wardrobe&qid=1654403878&sr=8-222,https://m.media-amazon.com/images/I/61vzni9Ji2L._AC_UL960_FMwebp_QL65_.jpg
C190,"Hexagon Furniture Junglewood Textured Engineered Wood Wardrobe Brown , 4 Doors","18,000",3.1 out of 5 stars,4,https://www.amazon.in//Hexagon-Furnitures-Junglewood-Textured-Wardrobe/dp/B07BLS1WRH/ref=sr_1_223?keywords=wardrobe&qid=1654403878&sr=8-223,https://m.media-amazon.com/images/I/41Z8rUJGsEL._AC_UL960_FMwebp_QL65_.jpg
C191,Hexagon Furnitures Engineered Wood 3 Door Wardrobe Without Mirror (Brown) and with LED Light Multi Colour Keychain of Hexagon Brand.(J-Series),"13,999",N/A,N/A,https://www.amazon.in//Hexagon-Furnitures-Engineered-Wardrobe-Keychain/dp/B0922BHWZN/ref=sr_1_224?keywords=wardrobe&qid=1654403878&sr=8-224,https://m.media-amazon.com/images/I/41T4TZnJazS._AC_UL960_FMwebp_QL65_.jpg
C192,Hexagon Furnitures 2 Door Wardrobe with 6 Shelves (Dark Wooden Texture) and with LED Light Multi Colour Keychain of Hexagon Brand.,"8,800",,N/A,https://www.amazon.in//Hexagon-Furnitures-Door-Wardrobe-Keychain/dp/B09TVT8F2R/ref=sr_1_225?keywords=wardrobe&qid=1654403878&sr=8-225,https://m.media-amazon.com/images/I/41Ovi7LOcWL._AC_UL960_FMwebp_QL65_.jpg
C193,Hexagon Furnitures Engineered Wood 3 Door Wardrobe with Full Mirror (Walnut Finish),"13,999.99",5.0 out of 5 stars,1,https://www.amazon.in//Hexagon-Furnitures-Engineered-Wardrobe-Mirror/dp/B08TWV8BXV/ref=sr_1_226?keywords=wardrobe&qid=1654403878&sr=8-226,https://m.media-amazon.com/images/I/51KuNFDZRIL._AC_UL960_FMwebp_QL65_.jpg
C194,"ABBAJI INTERIORS Engineered Wood Four-Door Wardrobe with Mirror and 4 Drawers,8 Shelves (Plain White)- Length 60 inch","18,900",N/A,N/A,https://www.amazon.in//ABBAJI-INTERIORS-Engineered-Four-Door-Wardrobe/dp/B09PPLDPTD/ref=sr_1_227?keywords=wardrobe&qid=1654403878&sr=8-227,https://m.media-amazon.com/images/I/410KlgjeabL._AC_UL960_FMwebp_QL65_.jpg
C195,CASPIAN Furniture Super White Texture 2 Door Wardrobe/Cupboard with 5 Shelves and Drawer | Wardrobe for Bedroom/Kitchen Organizer/Clothes Cabinet | Size 75 x 24 x 17 inches,"7,600",N/A,N/A,https://www.amazon.in//Door-75-24-17-inches/dp/B09QKRXQCS/ref=sr_1_228?keywords=wardrobe&qid=1654403878&sr=8-228,https://m.media-amazon.com/images/I/514VMlNQrkL._AC_UL960_FMwebp_QL65_.jpg
C196,Hexagon Furnitures Junglewood Textured 4 Door Wardrobe with Mirror,"18,000",2.3 out of 5 stars,2,https://www.amazon.in//Hexagon-Furnitures-Junglewood-Textured-Wardrobe/dp/B07BLS5T8N/ref=sr_1_229?keywords=wardrobe&qid=1654403878&sr=8-229,https://m.media-amazon.com/images/I/410X77HloCL._AC_UL960_FMwebp_QL65_.jpg
C197,Hudson Two Door Wardrobe with Mirror in Dark Walnut Color,"8,800",,More Buying Choices,https://www.amazon.in//Hudson-Wardrobe-Mirror-Walnut-Color/dp/B07H6QGH35/ref=sr_1_230?keywords=wardrobe&qid=1654403878&sr=8-230,https://m.media-amazon.com/images/I/31hKHknJyLL._AC_UL960_FMwebp_QL65_.jpg
C198,ILLFORDD Furniture Engineered Wood Single Door Wardrobe Without Mirror (Brown),"7,000",,N/A,https://www.amazon.in//ILLFORDD-Furniture-Engineered-Wardrobe-Without/dp/B09F63C9VP/ref=sr_1_231?keywords=wardrobe&qid=1654403878&sr=8-231,https://m.media-amazon.com/images/I/31Zi-FYAgAL._AC_UL960_FMwebp_QL65_.jpg
C199,"Bluewud Andrie Engineered Wood 2 Doors Wardrobe with Drawer, (Wenge)","15,049",3.6 out of 5 stars,27,https://www.amazon.in//Bluewud-Andrie-Double-Wardrobe-Drawer/dp/B08XVV1GD2/ref=sr_1_232?keywords=wardrobe&qid=1654403878&sr=8-232,https://m.media-amazon.com/images/I/71TikPp0O-L._AC_UL960_FMwebp_QL65_.jpg
C200,"rehmans Engineered Wood Wardrobe with Mirror Brown ,4 Doors","18,500",5.0 out of 5 stars,1,https://www.amazon.in//rehmans-Engineered-Wardrobe-Mirror-Design/dp/B08S3BLY72/ref=sr_1_233?keywords=wardrobe&qid=1654403878&sr=8-233,https://m.media-amazon.com/images/I/61KUfC0UJUL._AC_UL960_FMwebp_QL65_.jpg
C201,Trevi Regal Deluxe 3 Door Wardrobe Without Mirror with Drawer,"13,799",2.0 out of 5 stars,1,https://www.amazon.in//Trevi-Deluxe-Wardrobe-Without-Mirror/dp/B08CV79W18/ref=sr_1_234?keywords=wardrobe&qid=1654403878&sr=8-234,https://m.media-amazon.com/images/I/71EGmF0jbcL._AC_UL960_FMwebp_QL65_.jpg
C202,"ABBAJI INTERIORS Engineered Wood Four-Door Wardrobe with 4 Drawers,8 Shelves (White Texture)- Length 72 inch","20,900",N/A,N/A,https://www.amazon.in//ABBAJI-INTERIORS-Engineered-Four-Door-Wardrobe/dp/B09PPRYSGZ/ref=sr_1_235?keywords=wardrobe&qid=1654403878&sr=8-235,https://m.media-amazon.com/images/I/41wi-YoQOmL._AC_UL960_FMwebp_QL65_.jpg
C203,"ABBAJI INTERIORS 3 Door Wardrobe Wood Texture with 3 Shelves, 3 Drawers and 1 Locker (Wood Texture)- Length 48 inch","12,900",N/A,N/A,https://www.amazon.in//ABBAJI-INTERIORS-Wardrobe-Texture-Shelves/dp/B09P68JK9L/ref=sr_1_236?keywords=wardrobe&qid=1654403878&sr=8-236,https://m.media-amazon.com/images/I/61iTQjVqhvL._AC_UL960_FMwebp_QL65_.jpg
C204,"AVIKA Steel Works Engineered Wood Wardrobe with Mirror Wenge, 2 Doors",/A,N/A,N/A,https://www.amazon.in//AVIKA-Steel-Engineered-Wardrobe-Mirror/dp/B0B2DD7KRC/ref=sr_1_237?keywords=wardrobe&qid=1654403878&sr=8-237,https://m.media-amazon.com/images/I/41yEHRY4LLL._AC_UL900_FMwebp_QL65_.jpg
C205,"Prestige Furniture Classic Metal; Steel Wardrobe Grey , 2 Doors",/A,5.0 out of 5 stars,1,https://www.amazon.in//Prestige-Furniture-Classic-Metal-Wardrobe/dp/B08ZYQQBS8/ref=sr_1_238?keywords=wardrobe&qid=1654403878&sr=8-238,https://m.media-amazon.com/images/I/31ULaOPAgyL._AC_UL960_FMwebp_QL65_.jpg
C206,Blisscraft - Prestigno Engineered Wood 4 Door Wardrobe with Side Drawers - 15mm Branded Engineered Wood,"20,326",N/A,More Buying Choices,https://www.amazon.in//Blisscraft-Prestigno-Engineered-Wardrobe-Drawers/dp/B08XJW22NR/ref=sr_1_239?keywords=wardrobe&qid=1654403878&sr=8-239,https://m.media-amazon.com/images/I/618cK1l9B0L._AC_UL960_FMwebp_QL65_.jpg
C207,"GODREJ INTERIO Slimline Alloy Steel Wardrobe Purple,2 Door",/A,3.9 out of 5 stars,24,https://www.amazon.in//GODREJ-INTERIO-Slimline-SLIM00077-Textured/dp/B07HQQL1KX/ref=sr_1_240?keywords=wardrobe&qid=1654403878&sr=8-240,https://m.media-amazon.com/images/I/71cnf5er0wL._AC_UL960_FMwebp_QL65_.jpg
C208,Hekami interiors 4 Doors Wardrobe (White high Gloss + Walnut),"34,999",4.0 out of 5 stars,28,https://www.amazon.in//Hekami-Interiors-4-Doors-Wardrobe/dp/B078DZJX7L/ref=sr_1_241?keywords=wardrobe&qid=1654403880&sr=8-241,https://m.media-amazon.com/images/I/51uQMsR-JrL._AC_UL960_FMwebp_QL65_.jpg
C209,HM Balt 2 Doors Wardrobe| Long Cabinet | Storage Cabinet (Finish :-White pre- Laminated Matt),/A,N/A,N/A,https://www.amazon.in//HM-Balt-Wardrobe-Cabinet-Storage/dp/B09XH99WFG/ref=sr_1_242?keywords=wardrobe&qid=1654403880&sr=8-242,https://m.media-amazon.com/images/I/610YPGavrKL._AC_UL960_FMwebp_QL65_.jpg
C210,"Ikea KLEPPSTAD Wardrobe with 2 Doors, White 79x176 cm (31 1/4x69 1/4"")","16,999",N/A,N/A,https://www.amazon.in//Ikea-KLEPPSTAD-Wardrobe-Doors-79x176/dp/B09RKS66HD/ref=sr_1_243?keywords=wardrobe&qid=1654403880&sr=8-243,https://m.media-amazon.com/images/I/21T8t9Z5etL._AC_UL960_FMwebp_QL65_.jpg
C211,Cherry Wood Willy MDF Wood Multipurpose 3 Door Wardrobe for Bedroom Almirah for Clothes (Walnut Finish),"13,900",1.0 out of 5 stars,3,https://www.amazon.in//Cherry-Wood-Multipurpose-Wardrobe-Bedroom/dp/B083BZH532/ref=sr_1_244?keywords=wardrobe&qid=1654403880&sr=8-244,https://m.media-amazon.com/images/I/41c4GF-jlxL._AC_UL960_FMwebp_QL65_.jpg
C212,"AVIKA Steel Works Multipurpose Storage Wooden Almirah Cabinet Wardrobe with Mirror, Drawers & 2 Doors",/A,N/A,N/A,https://www.amazon.in//Multipurpose-Storage-Almirah-Cabinet-Wardrobe/dp/B0B2DHH8WX/ref=sr_1_245?keywords=wardrobe&qid=1654403880&sr=8-245,https://m.media-amazon.com/images/I/31nHH3nl5sL._AC_UL960_FMwebp_QL65_.jpg
C213,ABBAJI INTERIORS White 2 Door Wardrobe for Bedroom with 2 Drawers and 2 Shelves (White)- Length 36 inch,"11,500",N/A,N/A,https://www.amazon.in//ABBAJI-INTERIORS-Wardrobe-Bedroom-Drawers/dp/B09P68B8V5/ref=sr_1_246?keywords=wardrobe&qid=1654403880&sr=8-246,https://m.media-amazon.com/images/I/31GUsbwwtLL._AC_UL960_FMwebp_QL65_.jpg
C214,Hexagon Furnitures Engineered Wood 2 Door Wardrobe Without Mirror (Wood Texture) and with LED Light Multi Colour Keychain of Hexagon Brand.,"8,300",,N/A,https://www.amazon.in//Hexagon-Furnitures-Engineered-Door-Wardrobe/dp/B09QPFWVHW/ref=sr_1_247?keywords=wardrobe&qid=1654403880&sr=8-247,https://m.media-amazon.com/images/I/41zDuA18UGL._AC_UL960_FMwebp_QL65_.jpg
C215,"Caspian Furnitures Brick Textured 3 Door Wardrobe with Mirror, Wood","13,200",4.2 out of 5 stars,2,https://www.amazon.in//Caspian-Brick-Textured-Wardrobe-Mirror/dp/B079T4JVWP/ref=sr_1_248?keywords=wardrobe&qid=1654403880&sr=8-248,https://m.media-amazon.com/images/I/41mzKnaIokL._AC_UL960_FMwebp_QL65_.jpg
C216,Saygrass 2-Door Wardrobe in Engineered Wood.,"8,800",,More Buying Choices,https://www.amazon.in//Saygrass-2-Door-Wardrobe-Engineered-Wood/dp/B08FZ6618V/ref=sr_1_249?keywords=wardrobe&qid=1654403880&sr=8-249,https://m.media-amazon.com/images/I/71MaudTGrhL._AC_UL960_FMwebp_QL65_.jpg
C217,Caspian Furniture Walnut 2 Door Wardrobe with 2 Shelves and Hanging Space for Clothes |2 Door Wardrobe for Bedroom | Wardrobe for Clothes | 2 Door Cupboard | Almirah | Engineered Wooden Wardrobe,"8,200",,N/A,https://www.amazon.in//Caspian-Furniture-Wardrobe-Cupboard-Engineered/dp/B091GV8FZX/ref=sr_1_250?keywords=wardrobe&qid=1654403880&sr=8-250,https://m.media-amazon.com/images/I/51HwRO0DmFL._AC_UL960_FMwebp_QL65_.jpg
C218,HM Balt 2 Doors Wardrobe| Long Cabinet | Storage Cabinet (Finish :-Wenge pre- Laminated Matt),/A,N/A,N/A,https://www.amazon.in//HM-Balt-Wardrobe-Cabinet-Storage/dp/B09XH84DQ4/ref=sr_1_251?keywords=wardrobe&qid=1654403880&sr=8-251,https://m.media-amazon.com/images/I/51IgJr53nSL._AC_UL960_FMwebp_QL65_.jpg
C219,HomeTown Willy Engineered Wood Two Door Wardrobe in Walnut Colour,/A,3.7 out of 5 stars,230,https://www.amazon.in//HomeTown-Willy-2-Door-Wardrobe-Walnut/dp/B01J1KA3HO/ref=sr_1_252?keywords=wardrobe&qid=1654403880&sr=8-252,https://m.media-amazon.com/images/I/417ODx25-3L._AC_UL960_FMwebp_QL65_.jpg
C220,Caspian Furniture Walnut 2 Door Wardrobe with 2 Shelves and Hanging Space for Clothes |Wardrobe for Bedroom | Wardrobe for Clothes | Cupboard | Almirah | Engineered Wooden Wardrobe | Home Storage,"8,500",,N/A,https://www.amazon.in//Caspian-Furniture-Wardrobe-Cupboard-Engineered/dp/B08Y1H1WFH/ref=sr_1_253?keywords=wardrobe&qid=1654403880&sr=8-253,https://m.media-amazon.com/images/I/61D4Hx9ZsFL._AC_UL960_FMwebp_QL65_.jpg
C221,"Caspian Furniture 2 Door Wardobe with Dressing Table and Mirror Attached, Shelves and Drawers | 2 Door Wardrobe for Clothes | 2 Door Wardrobe for Bedroom |Wooden Wardrobe (Walnut Finish)","12,500",3.0 out of 5 stars,1,https://www.amazon.in//Caspian-Furniture-Dressing-Attached-Wardrobe/dp/B091F69TTN/ref=sr_1_254?keywords=wardrobe&qid=1654403880&sr=8-254,https://m.media-amazon.com/images/I/510ASqWmjAL._AC_UL960_FMwebp_QL65_.jpg
C222,Trevi Regal 4 Door Wardrobe Without Drawer & Without Mirror - Walnut,"17,000",,N/A,https://www.amazon.in//Trevi-Regal-Wardrobe-Without-Drawer-Mirror/dp/B07W6Y21MP/ref=sr_1_255?keywords=wardrobe&qid=1654403880&sr=8-255,https://m.media-amazon.com/images/I/61tsd5tCDsL._AC_UL960_FMwebp_QL65_.jpg
C223,CASPIAN Furniture 4 Door Wardrobe in Brick Texture for Bedroom | Engineered Wood Cupboard for Clothes and Accessories | Wardrobe with 4 Drawers and 10 Shelves|Size 75 x 48 x 17 Inches,"14,500",N/A,N/A,https://www.amazon.in//Door-Engineered-Accessories-75-Inches/dp/B09QHP4X4Q/ref=sr_1_256?keywords=wardrobe&qid=1654403880&sr=8-256,https://m.media-amazon.com/images/I/61XL5-3JKbL._AC_UL960_FMwebp_QL65_.jpg
C224,"ABBAJI INTERIORS Engineered Wood Two-Door Wardrobe with 2 Drawers, 1 Locker and 1 Shelf (Wood Texture)- Length 30 inch","8,700",N/A,N/A,https://www.amazon.in//ABBAJI-INTERIORS-Engineered-Two-Door-Wardrobe/dp/B09P69LHTM/ref=sr_1_257?keywords=wardrobe&qid=1654403880&sr=8-257,https://m.media-amazon.com/images/I/61pTyIP-GoL._AC_UL960_FMwebp_QL65_.jpg
C225,ABBAJI INTERIORS Engineered Wood Two-Door Wardrobe for Bedroom with 2 Drawers and 2 Shelves (Walnut Brick Texture)- Length 30 inch,"8,700",N/A,N/A,https://www.amazon.in//ABBAJI-INTERIORS-Engineered-Two-Door-Wardrobe/dp/B09P6C7P69/ref=sr_1_258?keywords=wardrobe&qid=1654403880&sr=8-258,https://m.media-amazon.com/images/I/51yg3+IdTSL._AC_UL960_FMwebp_QL65_.jpg
C226,SHARAN ALMIRAH Premium Metal Steel Wardrobe | 2 Door Large Almirah Cupboard with Locking System |,"16,507",N/A,N/A,https://www.amazon.in//ALMIRAH-Premium-Wardrobe-Almirah-Cupboard/dp/B09ZKXQHG5/ref=sr_1_259?keywords=wardrobe&qid=1654403880&sr=8-259,https://m.media-amazon.com/images/I/81r6rWHcQAL._AC_UL960_FMwebp_QL65_.jpg
C227,ABBAJI INTERIORS Engineered Wood 2 Door Wardrobe with 2 Drawers and 2 Shelves for Bedroom (Brown Flair Texture)- Length 36 inch,"10,700",5.0 out of 5 stars,1,https://www.amazon.in//ABBAJI-INTERIORS-Engineered-Wardrobe-Drawers/dp/B09P65QDV8/ref=sr_1_260?keywords=wardrobe&qid=1654403880&sr=8-260,https://m.media-amazon.com/images/I/61oGbfjfdlL._AC_UL960_FMwebp_QL65_.jpg
C228,ILLFORDD Furniture Engineered Wood Single Door Wardrobe Without Mirror (Dark Brown),"7,000",,N/A,https://www.amazon.in//ILLFORDD-Furniture-Engineered-Wardrobe-Without/dp/B09F67XMLK/ref=sr_1_261?keywords=wardrobe&qid=1654403880&sr=8-261,https://m.media-amazon.com/images/I/31E53Ru48LL._AC_UL960_FMwebp_QL65_.jpg
C229,ILLFORDD FURNITURE Single Door Wardrobe (Brown),"7,000",3.6 out of 5 stars,3,https://www.amazon.in//ILLFORDD-FURNITURE-Single-Door-Wardrobe/dp/B09GPYMSRT/ref=sr_1_262?keywords=wardrobe&qid=1654403880&sr=8-262,https://m.media-amazon.com/images/I/21cuytnoemL._AC_UL960_FMwebp_QL65_.jpg
C230,"AVIKA Steel Works Engineered Wood Wardrobe Wenge Finish, 2 Doors",/A,N/A,N/A,https://www.amazon.in//AVIKA-Steel-Engineered-Wardrobe-Finish/dp/B0B2D2N1HD/ref=sr_1_263?keywords=wardrobe&qid=1654403880&sr=8-263,https://m.media-amazon.com/images/I/41JJQqP7gbL._AC_UL900_FMwebp_QL65_.jpg
C231,"Ikea Brimnes Particle Board ABS Plastic Wardrobe with 3 Doors, 117x190 cm, White","28,150",5.0 out of 5 stars,3,https://www.amazon.in//Ikea-Brimnes-Wardrobe-Doors-117x190/dp/B07RZBJPR4/ref=sr_1_264?keywords=wardrobe&qid=1654403880&sr=8-264,https://m.media-amazon.com/images/I/51d6UlV4ynL._AC_UL960_FMwebp_QL65_.jpg
C232,CASPIAN Furniture White and Coffee Colour Engineered Wood Single Door Wardrobe Cupboard with 4 Shelves and 1 Drawer | Multipurpose Cabinet for Office/Kitchen Purpose,"6,700",,N/A,https://www.amazon.in//Furniture-Engineered-Single-Door-Multipurpose/dp/B09PYZZB57/ref=sr_1_265?keywords=wardrobe&qid=1654403880&sr=8-265,https://m.media-amazon.com/images/I/41OetJciiRL._AC_UL960_FMwebp_QL65_.jpg
C233,"Hexagon Furnitures 2 Door Wardrobe with 7 Shelves,1 Drawer (Dark Brown) and with LED Light Multi Colour Keychain of Hexagon Brand.","9,000",,N/A,https://www.amazon.in//Hexagon-Furnitures-Door-Wardrobe-Keychain/dp/B09ZQVJKGF/ref=sr_1_266?keywords=wardrobe&qid=1654403880&sr=8-266,https://m.media-amazon.com/images/I/41OR25N1wnL._AC_UL960_FMwebp_QL65_.jpg
C234,"Powder Coated and Galvanized Tata Steel Metal Shelf Wardrobe with Mirror, Secret, Box Locker and Hangar for Home Use (Multicolor, Dimension: 6.5 x 3 x 1.5 ft)",/A,5.0 out of 5 stars,1,https://www.amazon.in//Mirror-Secret-Hangar-Dimension-Galvanized/dp/B08BKTNGBC/ref=sr_1_267?keywords=wardrobe&qid=1654403880&sr=8-267,https://m.media-amazon.com/images/I/215CG2ZxX2S._AC_UL840_FMwebp_QL65_.jpg
C235,Honeybeehomes Premium Engineered Wood 2 Door Wardrobe (Finish â Natural Walnut with Frosty White),"8,800",N/A,N/A,https://www.amazon.in//Honeybeehomes-Premium-Engineered-Wardrobe-Finish/dp/B08JCMCM7M/ref=sr_1_268?keywords=wardrobe&qid=1654403880&sr=8-268,https://m.media-amazon.com/images/I/61Wn3VgHW5L._AC_UL960_FMwebp_QL65_.jpg
C236,ILLFORDD FURNITURE Two Door Wardrobe Without Mirror (White Glossy),"8,700",,N/A,https://www.amazon.in//ILLFORDD-FURNITURE-Door-Wardrobe-Without/dp/B09J84XHLS/ref=sr_1_269?keywords=wardrobe&qid=1654403880&sr=8-269,https://m.media-amazon.com/images/I/31cCmUh91xL._AC_UL960_FMwebp_QL65_.jpg
C237,ILLFORDD Furniture Engineered Wood Single Door Wardrobe,"7,000",,N/A,https://www.amazon.in//ILLFORDD-Furniture-Engineered-Single-Wardrobe/dp/B09F66ZJ7S/ref=sr_1_270?keywords=wardrobe&qid=1654403880&sr=8-270,https://m.media-amazon.com/images/I/21TznKf0w4L._AC_UL960_FMwebp_QL65_.jpg
C238,"Generic Hudson Mark Engineered Wood Wardrobe Black,4 door","14,500",3.6 out of 5 stars,8,https://www.amazon.in//Hudson-Wardrobe-Attached-Dressing-Table/dp/B07YRYJY8L/ref=sr_1_271?keywords=wardrobe&qid=1654403880&sr=8-271,https://m.media-amazon.com/images/I/71c0N3CeC0L._AC_UL960_FMwebp_QL65_.jpg
C239,AVIKA Steel Works Engineered Wood 2 Door Wardrobe with Drawer & Without Mirror - Teak Finish,/A,N/A,N/A,https://www.amazon.in//Engineered-Wardrobe-Drawer-Without-Mirror/dp/B0B2D81LG6/ref=sr_1_272?keywords=wardrobe&qid=1654403880&sr=8-272,https://m.media-amazon.com/images/I/515zQfUAvaL._AC_UL960_FMwebp_QL65_.jpg
C240,"CASPIAN Furniture 4 Door Wardrobe in Brown JungleWood Finish for Bedroom | 4 Door Cupboard with 4 Drawers, 6 Shelves and Ample Hanging Space for Clothes | Home Furniture | Size 75 x 48 x 17 Inches","15,000",,More Buying Choices,https://www.amazon.in//Door-JungleWood-75-48-Inches/dp/B09QHPDJWD/ref=sr_1_273?keywords=wardrobe&qid=1654403880&sr=8-273,https://m.media-amazon.com/images/I/81Zn3pjjeLL._AC_UL960_FMwebp_QL65_.jpg
C241,HM Multi Wardrobe | Doors: 4 | Drawer: 2 | Storage Cabinet | Bedroom Furniture (Finish :-White pre- Laminated Matt),/A,N/A,N/A,https://www.amazon.in//HM-Multi-Wardrobe-Doors-Furniture/dp/B09XH9Y4KX/ref=sr_1_274?keywords=wardrobe&qid=1654403880&sr=8-274,https://m.media-amazon.com/images/I/51yNER0T3DL._AC_UL960_FMwebp_QL65_.jpg
C242,Caspian Furniture Engineered Wood 2 Door Wardrobe with Shelves & Drawer(Brown & Grey Textured),"8,000",4.5 out of 5 stars,2,https://www.amazon.in//Caspian-Furniture-Engineered-Wardrobe-Textured/dp/B08YRYRHS9/ref=sr_1_275?keywords=wardrobe&qid=1654403880&sr=8-275,https://m.media-amazon.com/images/I/714nRaHr57L._AC_UL960_FMwebp_QL65_.jpg
C243,Singar Furniture Wood Double Door Wardrobe 3 Feet (Teak FinishTextured),"5,000",,N/A,https://www.amazon.in//Singar-Furniture-Double-Wardrobe-FinishTextured/dp/B08PBQJWMN/ref=sr_1_276?keywords=wardrobe&qid=1654403880&sr=8-276,https://m.media-amazon.com/images/I/317IeJVx+NL._AC_UL960_FMwebp_QL65_.jpg
C244,"AVIKA Steel Works Premium Almirah Engineered Wood Wardrobe with Mirror, 3 Door, Dark Brown & White Oak (Matte Natural Wood Grain Finish, Termite Free, Non-Toxic Furniture",/A,N/A,N/A,https://www.amazon.in//Premium-Engineered-Wardrobe-Non-Toxic-Furniture/dp/B0B2D6CRBY/ref=sr_1_277?keywords=wardrobe&qid=1654403880&sr=8-277,https://m.media-amazon.com/images/I/513jMwlSUwL._AC_UL960_FMwebp_QL65_.jpg
C245,Singar Furniture Wood Double Door Wardrobe 3 Feet (Black Textured),"4,000",N/A,N/A,https://www.amazon.in//Singar-Furniture-Double-Wardrobe-Textured/dp/B08PBHPGGP/ref=sr_1_278?keywords=wardrobe&qid=1654403880&sr=8-278,https://m.media-amazon.com/images/I/31BWzoPo3tL._AC_UL960_FMwebp_QL65_.jpg
C246,"ABBAJI INTERIORS Engineered Wood Four-Door Wardrobe with Mirror and 4 Drawers,8 Shelves (Dark Brown Brick Texture)- Length 60 inch","17,900",N/A,N/A,https://www.amazon.in//ABBAJI-INTERIORS-Engineered-Four-Door-Wardrobe/dp/B09PPKZ69L/ref=sr_1_279?keywords=wardrobe&qid=1654403880&sr=8-279,https://m.media-amazon.com/images/I/61sdXOmJffL._AC_UL960_FMwebp_QL65_.jpg
C247,HomeTown Molly Engineered Wood Two Door Wardrobe in Oak & White Color,/A,3.2 out of 5 stars,26,https://www.amazon.in//HomeTown-Molly-Engineered-Wardrobe-White/dp/B08379PVJQ/ref=sr_1_280?keywords=wardrobe&qid=1654403880&sr=8-280,https://m.media-amazon.com/images/I/61D3mp-L4zL._AC_UL960_FMwebp_QL65_.jpg
C248,Forzza Peking 2-Door Wardrobe (Wenge),"8,499",3.6 out of 5 stars,95,https://www.amazon.in//Forzza-Peking-2-Door-Wardrobe-Tallisa/dp/B06Y46L9VP/ref=sr_1_281?keywords=wardrobe&qid=1654403880&sr=8-281,https://m.media-amazon.com/images/I/71pTwVyXxpL._AC_UL960_FMwebp_QL65_.jpg
C249,CASPIAN Furniture 4 Door Wardrobe in Black Wenge for Bedroom | Engineered Wood Cupboard for Clothes and Accessories | Wardrobe with 4 Drawers and 10 Shelves| Size 75 x 60 x 19 Inches,"17,000",,N/A,https://www.amazon.in//Door-Engineered-Accessories-75-Inches/dp/B09QHPBWNF/ref=sr_1_282?keywords=wardrobe&qid=1654403880&sr=8-282,https://m.media-amazon.com/images/I/61nmc9y-IQL._AC_UL960_FMwebp_QL65_.jpg
C250,"ABBAJI INTERIORS Engineered Wood Four-Door Wardrobe with Mirror and 4 Drawers,8 Shelves (Walnut Flair Texture)- Length 72 inch","20,900",N/A,N/A,https://www.amazon.in//ABBAJI-INTERIORS-Engineered-Four-Door-Wardrobe/dp/B09PPG9SS1/ref=sr_1_283?keywords=wardrobe&qid=1654403880&sr=8-283,https://m.media-amazon.com/images/I/61veEufS5PL._AC_UL960_FMwebp_QL65_.jpg
C251,"Ikea KLEPPSTAD Wardrobe with Sliding Doors, White 117x176 cm (46 1/8x69 1/4"")","21,999",N/A,N/A,https://www.amazon.in//Ikea-KLEPPSTAD-Wardrobe-Sliding-117x176/dp/B09RLGVK3N/ref=sr_1_284?keywords=wardrobe&qid=1654403880&sr=8-284,https://m.media-amazon.com/images/I/21zEbJnEBLL._AC_UL960_FMwebp_QL65_.jpg
C252,"Apex Engineered Wood 3 Door Wardrobe (Finish Color - Natural Wenge, Mirror Included","14,500",1.0 out of 5 stars,1,https://www.amazon.in//Apex-Engineered-Wardrobe-Finish-Color/dp/B08L3BQ6WW/ref=sr_1_285?keywords=wardrobe&qid=1654403880&sr=8-285,https://m.media-amazon.com/images/I/31oG3MFrWyL._AC_UL706_FMwebp_QL65_.jpg
C253,"ABBAJI INTERIORS Engineered Wood Four-Door Wardrobe with Mirror and 4 Drawers,8 Shelves (Rustic White Texture)- Length 72 inch","20,900",N/A,N/A,https://www.amazon.in//ABBAJI-INTERIORS-Engineered-Four-Door-Wardrobe/dp/B09PPHKBKT/ref=sr_1_286?keywords=wardrobe&qid=1654403880&sr=8-286,https://m.media-amazon.com/images/I/61dXvp5bMML._AC_UL960_FMwebp_QL65_.jpg
C254,Stylespa Vegas 3 Door Wardrobe (Imperial Teak),"13,999",3.2 out of 5 stars,4,https://www.amazon.in//Stylespa-Vegas-Door-Wardrobe-Imperial/dp/B07JN1NQ95/ref=sr_1_287?keywords=wardrobe&qid=1654403880&sr=8-287,https://m.media-amazon.com/images/I/71Tax9FJ0pL._AC_UL960_FMwebp_QL65_.jpg
C255,"Sam Steel Work,Steel Almirah 2 Door Metal Almirah Metal Wardrobe with Locker Dark Brown&White Color & Mirror",/A,N/A,N/A,https://www.amazon.in//Steel-Almirah-Wardrobe-Locker-Mirror/dp/B097YHBM16/ref=sr_1_288?keywords=wardrobe&qid=1654403880&sr=8-288,https://m.media-amazon.com/images/I/21CujzEuCRS._AC_UL358_FMwebp_QL65_.jpg
C256,Trevi Ozone Engineered Wood 3 Door Wardrobe (Finish Color - Wenge),/A,N/A,N/A,https://www.amazon.in//Trevi-Ozone-Engineered-Wardrobe-Finish/dp/B09D8Q8B8D/ref=sr_1_289?keywords=wardrobe&qid=1654403883&sr=8-289,https://m.media-amazon.com/images/I/71baz0wyYgL._AC_UL960_FMwebp_QL65_.jpg
C257,"Caspian Furniture 2 Door Wardrobe with Shelves, Drawer, Hanging Space| 2 Door Wardrobe for Clothes | 2 Door Wardrobe for Bedroom | Wooden Wardrobe | Storage Rack | (Walnut Finish) (Width 30 Inches)","8,200",,N/A,https://www.amazon.in//Caspian-Furniture-Wardrobe-Shelves-Hanging/dp/B091F3LPW6/ref=sr_1_290?keywords=wardrobe&qid=1654403883&sr=8-290,https://m.media-amazon.com/images/I/614SDlg70ZL._AC_UL960_FMwebp_QL65_.jpg
C258,Forzza Peking 2-Door Wardrobe (Wenge),"8,499",3.6 out of 5 stars,95,https://www.amazon.in//Forzza-Peking-2-Door-Wardrobe-Tallisa/dp/B06Y46L9VP/ref=sr_1_291?keywords=wardrobe&qid=1654403883&sr=8-291,https://m.media-amazon.com/images/I/71pTwVyXxpL._AC_UL960_FMwebp_QL65_.jpg
C259,"VIVDeal Glassy Rolex Single Mirror Wardrobe with Drawers The Wardrobe Unit Includes a Clever?Storage System with a Hangar Console for Effective Storage Possibilities., 21 Ã 12 Ã 78 in (C123456)","7,000",,More Buying Choices,https://www.amazon.in//VIVDeal-Wardrobe-Drawers-Effective-Possibilities/dp/B09DFLQXQW/ref=sr_1_292?keywords=wardrobe&qid=1654403883&sr=8-292,https://m.media-amazon.com/images/I/31J+pHq2PXL._AC_UL960_FMwebp_QL65_.jpg
C260,"Hudson Mark Two Door Wardrobe in Teakwood Color (75 x 36 x 17 inches), Large (Over 40 In Width) (HM_WAR-8500_TK)","10,000",,N/A,https://www.amazon.in//Hudson-Wardrobe-Teakwood-Color-inches/dp/B09DGPX8BW/ref=sr_1_293?keywords=wardrobe&qid=1654403883&sr=8-293,https://m.media-amazon.com/images/I/81aeTFYO2ZL._AC_UL960_FMwebp_QL65_.jpg
C261,Hekami interiors 2 Door Engineered Wood Wardrobe with White High Gloss Finish,"18,999",4.0 out of 5 stars,6,https://www.amazon.in//HEKAMI-interiors-Engineered-Finish-Wardrobe/dp/B08RJTK1JY/ref=sr_1_294?keywords=wardrobe&qid=1654403883&sr=8-294,https://m.media-amazon.com/images/I/31JC2xskQDL._AC_UL594_FMwebp_QL65_.jpg
C262,SHARAN ALMIRAH Premium Metal Steel Wardrobe | 2 Door Large Almirah Cupboard with Locking System |,"18,311",N/A,N/A,https://www.amazon.in//ALMIRAH-Premium-Wardrobe-Almirah-Cupboard/dp/B0B1DDY483/ref=sr_1_295?keywords=wardrobe&qid=1654403883&sr=8-295,https://m.media-amazon.com/images/I/71UIMVLDFfL._AC_UL960_FMwebp_QL65_.jpg
C263,SHARAN ALMIRAH Premium Metal Steel Wardrobe | 2 Door Large Almirah Cupboard with Locking System |,"16,507",5.0 out of 5 stars,2,https://www.amazon.in//ALMIRAH-Premium-Wardrobe-Almirah-Cupboard/dp/B09YTPN1JS/ref=sr_1_296?keywords=wardrobe&qid=1654403883&sr=8-296,https://m.media-amazon.com/images/I/81oNhIy2hxL._AC_UL960_FMwebp_QL65_.jpg
C264,"ABBAJI INTERIORS Engineered Wood Two-Door Wardrobe with 2 Drawers, 1 Locker and 1 Shelf (Wood Texture)- Length 30 inch","8,700",N/A,N/A,https://www.amazon.in//ABBAJI-INTERIORS-Engineered-Two-Door-Wardrobe/dp/B09P69LHTM/ref=sr_1_297?keywords=wardrobe&qid=1654403883&sr=8-297,https://m.media-amazon.com/images/I/61pTyIP-GoL._AC_UL960_FMwebp_QL65_.jpg
C265,SHARAN ALMIRAH Premium Metal Steel Wardrobe | 2 Door Large Almirah Cupboard with Locking System | (Maroon),"15,507",5.0 out of 5 stars,1,https://www.amazon.in//ALMIRAH-Premium-Wardrobe-Almirah-Cupboard/dp/B09Z2N46MD/ref=sr_1_298?keywords=wardrobe&qid=1654403883&sr=8-298,https://m.media-amazon.com/images/I/51+Krqwg3xL._AC_UL960_FMwebp_QL65_.jpg
C266,ABBAJI INTERIORS Engineered Wood Two-Door Wardrobe for Bedroom with 2 Drawers and 2 Shelves (Walnut Brick Texture)- Length 30 inch,"8,700",N/A,N/A,https://www.amazon.in//ABBAJI-INTERIORS-Engineered-Two-Door-Wardrobe/dp/B09P6C7P69/ref=sr_1_299?keywords=wardrobe&qid=1654403883&sr=8-299,https://m.media-amazon.com/images/I/51yg3+IdTSL._AC_UL960_FMwebp_QL65_.jpg
C267,ILLFORDD Furniture Engineered Wood Single Door Wardrobe Without Mirror (Dark Brown),"7,000",,N/A,https://www.amazon.in//ILLFORDD-Furniture-Engineered-Wardrobe-Without/dp/B09F67XMLK/ref=sr_1_300?keywords=wardrobe&qid=1654403883&sr=8-300,https://m.media-amazon.com/images/I/31E53Ru48LL._AC_UL960_FMwebp_QL65_.jpg
C268,Woodbuzz-Lazel-4 Door Wardrobe | Frosty White,"34,590",N/A,Save 10%,https://www.amazon.in//Woodbuzz-Lazel-4-Door-Wardrobe-Frosty-White/dp/B09XJ7KWK7/ref=sr_1_301?keywords=wardrobe&qid=1654403883&sr=8-301,https://m.media-amazon.com/images/I/613BbWuRsFL._AC_UL960_FMwebp_QL65_.jpg
C269,ABBAJI INTERIORS Engineered Wood 2 Door Wardrobe with 2 Drawers and 2 Shelves for Bedroom (Brown Flair Texture)- Length 36 inch,"10,700",5.0 out of 5 stars,1,https://www.amazon.in//ABBAJI-INTERIORS-Engineered-Wardrobe-Drawers/dp/B09P65QDV8/ref=sr_1_302?keywords=wardrobe&qid=1654403883&sr=8-302,https://m.media-amazon.com/images/I/61oGbfjfdlL._AC_UL960_FMwebp_QL65_.jpg
C270,CASPIAN Furniture Black Wenge 2 Door Wardrobe with 2 Drawers and 4 Shelves | Wardrobe for Bedroom for Clothes and Storage |Clothes Organizer | Size 75 x 24 x 17 inches,"7,500",N/A,N/A,https://www.amazon.in//Door-75-24-17-inches/dp/B09QKRVBQC/ref=sr_1_303?keywords=wardrobe&qid=1654403883&sr=8-303,https://m.media-amazon.com/images/I/51K4DhgVXxL._AC_UL960_FMwebp_QL65_.jpg
C271,illfordd furniture Two Door Wardrobe Without Mirror (Color-Dark Brown),"9,000",,N/A,https://www.amazon.in//illfordd-furniture-Door-Wardrobe-Color-Dark/dp/B09JSM2CCF/ref=sr_1_304?keywords=wardrobe&qid=1654403883&sr=8-304,https://m.media-amazon.com/images/I/511XEnofNZL._AC_UL960_FMwebp_QL65_.jpg
C272,HomeTown Ultima Engineered Wood Three Door Wardrobe in Regato Walnut Colour,"18,999",3.6 out of 5 stars,74,https://www.amazon.in//HomeTown-Ultima-3-Door-Wardrobe-Mirror/dp/B01LNLXGAA/ref=sr_1_305?keywords=wardrobe&qid=1654403883&sr=8-305,https://m.media-amazon.com/images/I/61jeB9amNlL._AC_UL960_FMwebp_QL65_.jpg
C273,"Apex Engineered Wood 3 Door Wardrobe (Finish Color - Natural Wenge, Mirror Included","14,500",1.0 out of 5 stars,1,https://www.amazon.in//Apex-Engineered-Wardrobe-Finish-Color/dp/B08L3BQ6WW/ref=sr_1_306?keywords=wardrobe&qid=1654403883&sr=8-306,https://m.media-amazon.com/images/I/31oG3MFrWyL._AC_UL706_FMwebp_QL65_.jpg